collected_at,company_slug,company_name,sector,query,title,url,snippet,source_type,confidence_hint
2026-06-21T07:41:24.931Z,wells-fargo,Wells Fargo,Financial Services,Wells Fargo online assessment coding questions 2026 intern,WELLS FARGO Recruitment Process | 2026 Complete Guide,https://www.graduatesfirst.com/wells-fargo-assessment-tests,"Wells Fargo Recruitment Process, Online Assessments , On-Demand Interviews, and Assessment Center 2026 Full Guide.",web,review-fast
2026-06-21T07:41:24.932Z,wells-fargo,Wells Fargo,Financial Services,Wells Fargo online assessment coding questions 2026 intern,Wells Fargo Coding Questions 2025-2026 | Placement Interview Problems ...,https://placementpapers.app/wells-fargo/coding-questions/,"Wells Fargo coding interview questions with detailed solutions 2025- 2026 . Practice Wells Fargo placement coding problems, DSA questions , and programming challenges asked in recent hiring rounds.",web,review
2026-06-21T07:41:24.932Z,wells-fargo,Wells Fargo,Financial Services,Wells Fargo online assessment coding questions 2026 intern,Wells Fargo Interview Questions - Naukri Code 360,https://www.naukri.com/code360/problem-lists/wells-fargo-interview-questions,Ace the Wells Fargo coding interview by solving the Wells Fargo interview questions exclusively on CodeStudio with a range of practice problems.,web,weak
2026-06-21T07:41:24.932Z,wells-fargo,Wells Fargo,Financial Services,Wells Fargo online assessment coding questions 2026 intern,11814 Wells Fargo Interview Questions & Answers (2026),https://www.glassdoor.co.in/Interview/Wells-Fargo-Interview-Questions-E8876.htm,Wells Fargo interview details: 11814 interview questions and 10645 interview reviews posted anonymously by Wells Fargo interview candidates.,glassdoor,weak
2026-06-21T07:41:24.932Z,wells-fargo,Wells Fargo,Financial Services,Wells Fargo online assessment coding questions 2026 intern,Wells Fargo Coding Test Questions | PDF - Scribd,https://www.scribd.com/document/891139513/Wells-Fargo-Coding-QA-TestCases,"Wells Fargo Coding QA TestCases - Free download as PDF File (.pdf), Text File (.txt) or read online for free. The document presents a series of coding questions with solutions and test cases related to string manipulation, prime number checking, finding duplicates in an array, generating Fibonacci sequences, and counting vowels in a string.",web,review
2026-06-21T07:41:24.932Z,wells-fargo,Wells Fargo,Financial Services,Wells Fargo online assessment coding questions 2026 intern,Wells Fargo Intern Interview Experience & Questions,"https://www.glassdoor.com/Interview/Wells-Fargo-Intern-Interview-Questions-EI_IE8876.0,11_KO12,18.htm","The process began with registration on both the campus placement portal and Wells Fargo's careers portal. The Online Assessment was conducted offline at the Training and Placement (T&P) cell. It was a comprehensive test structured into four sections, designed to evaluate a mix of technical and analytical skills. Section 1: Coding (DSA): This section focused on Data Structures and Algorithms ...",glassdoor,review
2026-06-21T07:41:24.932Z,wells-fargo,Wells Fargo,Financial Services,Wells Fargo online assessment coding questions 2026 intern,Wells Fargo SQL & Python Interview Questions | Practice Problems,https://letsdatascience.com/problems/companies/wellsfargo,"Practice 14 SQL and Python interview questions modeled after Wells Fargo data challenges. 3 SQL and 11 Python problems with instant browser grading. Prepare for your Wells Fargo data analyst, data scientist, or analytics engineer interview.",web,weak
2026-06-21T07:41:26.235Z,wells-fargo,Wells Fargo,Financial Services,Wells Fargo OA questions 2026 SDE intern,11814 Wells Fargo Interview Questions & Answers (2026),https://www.glassdoor.co.in/Interview/Wells-Fargo-Interview-Questions-E8876.htm,Wells Fargo interview details: 11814 interview questions and 10645 interview reviews posted anonymously by Wells Fargo interview candidates.,glassdoor,weak
2026-06-21T07:41:26.235Z,wells-fargo,Wells Fargo,Financial Services,Wells Fargo OA questions 2026 SDE intern,Wells Fargo SDE intern Interview Questions | Glassdoor,"https://www.glassdoor.co.in/Interview/Wells-Fargo-SDE-intern-Interview-Questions-EI_IE8876.0,11_KO12,22.htm",10 Wells Fargo SDE intern interview questions and 11 interview reviews. Free interview details posted anonymously by Wells Fargo interview candidates.,glassdoor,weak
2026-06-21T07:41:26.235Z,wells-fargo,Wells Fargo,Financial Services,Wells Fargo OA questions 2026 SDE intern,Wells Fargo Interview Experience for SDE Intern (On-Campus),https://www.geeksforgeeks.org/interview-experiences/wells-fargo-interview-experience-for-sde-intern-on-campus/,"Wells Fargo conducted an on-campus recruitment drive specifically aimed at hiring talented Software Development Engineer ( SDE ) Interns . This drive was focused on pre-final year college students, offering them an opportunity to secure an internship with the organization and gain valuable industry experience before their graduation.",gfg,review
2026-06-21T07:41:26.235Z,wells-fargo,Wells Fargo,Financial Services,Wells Fargo OA questions 2026 SDE intern,Wells Fargo SDE-intern Interview Questions - nodeflair.com,https://nodeflair.com/companies/wells-fargo/interviews/sde-intern,Wells Fargo SDE-intern interview questions and answers. Free interview details posted anonymously by Wells Fargo interview candidates.,web,weak
2026-06-21T07:41:26.235Z,wells-fargo,Wells Fargo,Financial Services,Wells Fargo OA questions 2026 SDE intern,Wells Fargo Interview Experience & Questions (2026),https://www.glassdoor.com/Interview/Wells-Fargo-Interview-Questions-E8876.htm,Wells Fargo interview details: 11808 interview questions and 10643 interview reviews posted anonymously by Wells Fargo interview candidates.,glassdoor,review
2026-06-21T07:41:26.235Z,wells-fargo,Wells Fargo,Financial Services,Wells Fargo OA questions 2026 SDE intern,Wells Fargo Intern Interview Experience & Questions,"https://www.glassdoor.com/Interview/Wells-Fargo-Intern-Interview-Questions-EI_IE8876.0,11_KO12,18.htm",160 Wells Fargo Intern interview questions and 155 interview reviews. Free interview details posted anonymously by Wells Fargo interview candidates.,glassdoor,review
2026-06-21T07:41:26.235Z,wells-fargo,Wells Fargo,Financial Services,Wells Fargo OA questions 2026 SDE intern,Wells Fargo OA Questions - Discuss - LeetCode,https://leetcode.com/discuss/post/3879774/Wells-Fargo-OA-Questions/,Wells Fargo OA Questions Anonymous User,web,weak
2026-06-21T07:41:27.556Z,wells-fargo,Wells Fargo,Financial Services,Wells Fargo interview experience online assessment coding 2026,11814 Wells Fargo Interview Questions & Answers (2026),https://www.glassdoor.co.in/Interview/Wells-Fargo-Interview-Questions-E8876.htm,Wells Fargo interview details: 11814 interview questions and 10645 interview reviews posted anonymously by Wells Fargo interview candidates.,glassdoor,weak
2026-06-21T07:41:27.556Z,wells-fargo,Wells Fargo,Financial Services,Wells Fargo interview experience online assessment coding 2026,Wells Fargo Interview Experience & Questions (2026) | Glassdoor,https://www.glassdoor.com/Interview/Wells-Fargo-Interview-Questions-E8876.htm,"What candidates say about interviewing at Wells Fargo Interview process & format - The process is generally well -structured, often involving multiple rounds including phone screenings, technical assessments , and behavioral interviews . Candidates frequently mention a mix of scenario-based questions, especially related to customer service roles. Candidate experience - Most interviewers are ...",glassdoor,review
2026-06-21T07:41:27.556Z,wells-fargo,Wells Fargo,Financial Services,Wells Fargo interview experience online assessment coding 2026,Wells Fargo Interview Experience 2025-2026 | Real Candidate Stories ...,https://placementpapers.app/wells-fargo/interview-experience/,"Read authentic Wells Fargo interview experiences from recent candidates 2025- 2026 . Round-by-round breakdown, questions asked, preparation tips, and strategies for Wells Fargo placement.",web,review
2026-06-21T07:41:27.556Z,wells-fargo,Wells Fargo,Financial Services,Wells Fargo interview experience online assessment coding 2026,WELLS FARGO Recruitment Process | 2026 Complete Guide,https://www.graduatesfirst.com/wells-fargo-assessment-tests,"Wells Fargo Recruitment Process, Online Assessments , On-Demand Interviews , and Assessment Center 2026 Full Guide.",web,review-fast
2026-06-21T07:41:27.556Z,wells-fargo,Wells Fargo,Financial Services,Wells Fargo interview experience online assessment coding 2026,Wells%20fargo Interview Questions & Experiences 2026 | 5+ Real Stories,https://www.codingkaro.in/jobs-internships/leetcode-interview-experience/Wells%20Fargo,"Ace your Wells%20fargo interview with 5+ real candidate experiences . 29+ actual interview questions asked. Learn about Wells%20fargo interview process, coding challenges, behavioral questions, and success tips. Average difficulty: Medium. Prepare effectively with verified Wells%20fargo interview insights from LeetCode community.",web,weak
2026-06-21T07:41:27.556Z,wells-fargo,Wells Fargo,Financial Services,Wells Fargo interview experience online assessment coding 2026,My 2026 Wells Fargo Software Engineer Interview Questions,https://www.linkjob.ai/interview-questions/wells-fargo-software-engineer-interview/,"Preparing for the Wells Fargo software engineer interview , I found the scope of the assessment to be incredibly comprehensive—covering everything from coding algorithms and hands-on SQL/Python, to the difference between RESTful and SOAP web services, and even the STAR method for behavioral questions. Every part demanded solid preparation.",web,weak
2026-06-21T07:41:27.556Z,wells-fargo,Wells Fargo,Financial Services,Wells Fargo interview experience online assessment coding 2026,"Wells Fargo Interview Guide 2026: US-Domestic Bank Tech, Asset Cap Era ...",https://www.techinterview.org/companies/wells-fargo-interview-guide/,"Wells Fargo Interview Guide 2026 : US-Domestic Bank Tech, Asset Cap Era Continued, and the Modernization Reality Wells Fargo (NYSE: WFC) is the third-largest US bank by assets and the most domestically-focused of the major US banks. Unlike JPMorgan, Citi, and Bank of America, Wells Fargo has limited international presence — engineering and business operate primarily within the US. The firm ...",web,weak