slug,title,difficulty,category,question_order
two-sum,Two Sum,Easy,arrays-hashmap,1
valid-parentheses,Valid Parentheses,Easy,stack,2
merge-sorted-arrays,Merge Sorted Array,Easy,two-pointers,3
maximum-subarray,Maximum Subarray,Medium,dynamic-programming,4
jump-game,Jump Game,Medium,greedy,5
search-a-2d-matrix,Search a 2D Matrix,Medium,binary-search,6
number-of-islands,Number of Islands,Medium,graph-bfs-dfs,7
reverse-linked-list,Reverse Linked List,Easy,linked-list,8
best-time-to-buy-sell-stock,Best Time to Buy and Sell Stock,Easy,arrays,9
contains-duplicate,Contains Duplicate,Easy,hashing,10
climbing-stairs,Climbing Stairs,Easy,dynamic-programming,11
house-robber,House Robber,Medium,dynamic-programming,12
longest-substring-without-repeating,Longest Substring Without Repeating Characters,Medium,sliding-window,13
single-number,Single Number,Easy,bit-manipulation,14
move-zeroes,Move Zeroes,Easy,two-pointers,15
binary-search,Binary Search,Easy,binary-search,16
product-of-array-except-self,Product of Array Except Self,Medium,prefix-sum,17
rotate-array,Rotate Array,Medium,arrays,18
intersection-of-two-arrays-ii,Intersection of Two Arrays II,Easy,hashing,19
palindrome-number,Palindrome Number,Easy,math,20