email,name,company,company_normalized,role_title,contact_type,confidence,in_scout_list,source_id,source_url,country,target_internship_year,target_season,notes,fetched_at
batesj@amazon.com,Jessica Bates,amazon,amazon,,recruiter,inferred_pattern,True,inferred:recruiter-emailing-script,https://github.com/K02D/recruiter-emailing-script,,2027,Summer 2027,pattern:{last}{first[0]}@amazon.com,2026-06-24T12:50:51+00:00
bondc@amazon.com,Cameron Bond,amazon,amazon,,recruiter,inferred_pattern,True,inferred:recruiter-emailing-script,https://github.com/K02D/recruiter-emailing-script,,2027,Summer 2027,pattern:{last}{first[0]}@amazon.com,2026-06-24T12:50:51+00:00
brookinsj@amazon.com,Jenna Brookins,amazon,amazon,,recruiter,inferred_pattern,True,inferred:recruiter-emailing-script,https://github.com/K02D/recruiter-emailing-script,,2027,Summer 2027,pattern:{last}{first[0]}@amazon.com,2026-06-24T12:50:51+00:00
campusa@amazon.com,Amazon Campus,amazon,amazon,,recruiter,inferred_pattern,True,inferred:recruiter-emailing-script,https://github.com/K02D/recruiter-emailing-script,,2027,Summer 2027,pattern:{last}{first[0]}@amazon.com,2026-06-24T12:50:51+00:00
godfreya@amazon.com,Ali Godfrey,amazon,amazon,,recruiter,inferred_pattern,True,inferred:recruiter-emailing-script,https://github.com/K02D/recruiter-emailing-script,,2027,Summer 2027,pattern:{last}{first[0]}@amazon.com,2026-06-24T12:50:51+00:00
hemans@amazon.com,Stephanie Heman,amazon,amazon,,recruiter,inferred_pattern,True,inferred:recruiter-emailing-script,https://github.com/K02D/recruiter-emailing-script,,2027,Summer 2027,pattern:{last}{first[0]}@amazon.com,2026-06-24T12:50:51+00:00
henryk@amazon.com,Katie Henry,amazon,amazon,,recruiter,inferred_pattern,True,inferred:recruiter-emailing-script,https://github.com/K02D/recruiter-emailing-script,,2027,Summer 2027,pattern:{last}{first[0]}@amazon.com,2026-06-24T12:50:51+00:00
hurleye@amazon.com,Erica Hurley,amazon,amazon,,recruiter,inferred_pattern,True,inferred:recruiter-emailing-script,https://github.com/K02D/recruiter-emailing-script,,2027,Summer 2027,pattern:{last}{first[0]}@amazon.com,2026-06-24T12:50:51+00:00
iaconoc@amazon.com,Claire Iacono,amazon,amazon,,recruiter,inferred_pattern,True,inferred:recruiter-emailing-script,https://github.com/K02D/recruiter-emailing-script,,2027,Summer 2027,pattern:{last}{first[0]}@amazon.com,2026-06-24T12:50:51+00:00
johnsonj@amazon.com,Joel Johnson,amazon,amazon,,recruiter,inferred_pattern,True,inferred:recruiter-emailing-script,https://github.com/K02D/recruiter-emailing-script,,2027,Summer 2027,pattern:{last}{first[0]}@amazon.com,2026-06-24T12:50:51+00:00
khans@amazon.com,Sayeeda Khan,amazon,amazon,,recruiter,inferred_pattern,True,inferred:recruiter-emailing-script,https://github.com/K02D/recruiter-emailing-script,,2027,Summer 2027,pattern:{last}{first[0]}@amazon.com,2026-06-24T12:50:51+00:00
kims@amazon.com,Sharon Kim,amazon,amazon,,recruiter,inferred_pattern,True,inferred:recruiter-emailing-script,https://github.com/K02D/recruiter-emailing-script,,2027,Summer 2027,pattern:{last}{first[0]}@amazon.com,2026-06-24T12:50:51+00:00
leadc@amazon.com,Client Lead,amazon,amazon,,recruiter,inferred_pattern,True,inferred:recruiter-emailing-script,https://github.com/K02D/recruiter-emailing-script,,2027,Summer 2027,pattern:{last}{first[0]}@amazon.com,2026-06-24T12:50:51+00:00
magnottad@amazon.com,David Magnotta,amazon,amazon,,recruiter,inferred_pattern,True,inferred:recruiter-emailing-script,https://github.com/K02D/recruiter-emailing-script,,2027,Summer 2027,pattern:{last}{first[0]}@amazon.com,2026-06-24T12:50:51+00:00
mendelsonj@amazon.com,Julie Mendelson,amazon,amazon,,recruiter,inferred_pattern,True,inferred:recruiter-emailing-script,https://github.com/K02D/recruiter-emailing-script,,2027,Summer 2027,pattern:{last}{first[0]}@amazon.com,2026-06-24T12:50:51+00:00
meyerl@amazon.com,Laura Meyer,amazon,amazon,,recruiter,inferred_pattern,True,inferred:recruiter-emailing-script,https://github.com/K02D/recruiter-emailing-script,,2027,Summer 2027,pattern:{last}{first[0]}@amazon.com,2026-06-24T12:50:51+00:00
moralesm@amazon.com,Mel Morales,amazon,amazon,,recruiter,inferred_pattern,True,inferred:recruiter-emailing-script,https://github.com/K02D/recruiter-emailing-script,,2027,Summer 2027,pattern:{last}{first[0]}@amazon.com,2026-06-24T12:50:51+00:00
nagappanm@amazon.com,Meena Nagappan,amazon,amazon,,recruiter,inferred_pattern,True,inferred:recruiter-emailing-script,https://github.com/K02D/recruiter-emailing-script,,2027,Summer 2027,pattern:{last}{first[0]}@amazon.com,2026-06-24T12:50:51+00:00
ngc@amazon.com,Cindy Ng,amazon,amazon,,recruiter,inferred_pattern,True,inferred:recruiter-emailing-script,https://github.com/K02D/recruiter-emailing-script,,2027,Summer 2027,pattern:{last}{first[0]}@amazon.com,2026-06-24T12:50:51+00:00
nguyenc@amazon.com,Christine Nguyen,amazon,amazon,,recruiter,inferred_pattern,True,inferred:recruiter-emailing-script,https://github.com/K02D/recruiter-emailing-script,,2027,Summer 2027,pattern:{last}{first[0]}@amazon.com,2026-06-24T12:50:51+00:00
nortonc@amazon.com,Chris Norton,amazon,amazon,,recruiter,inferred_pattern,True,inferred:recruiter-emailing-script,https://github.com/K02D/recruiter-emailing-script,,2027,Summer 2027,pattern:{last}{first[0]}@amazon.com,2026-06-24T12:50:51+00:00
ohc@amazon.com,Christina Oh,amazon,amazon,,recruiter,inferred_pattern,True,inferred:recruiter-emailing-script,https://github.com/K02D/recruiter-emailing-script,,2027,Summer 2027,pattern:{last}{first[0]}@amazon.com,2026-06-24T12:50:51+00:00
ohenk@amazon.com,Karen Ohen,amazon,amazon,,recruiter,inferred_pattern,True,inferred:recruiter-emailing-script,https://github.com/K02D/recruiter-emailing-script,,2027,Summer 2027,pattern:{last}{first[0]}@amazon.com,2026-06-24T12:50:51+00:00
ohmesk@amazon.com,Kayla Ohmes,amazon,amazon,,recruiter,inferred_pattern,True,inferred:recruiter-emailing-script,https://github.com/K02D/recruiter-emailing-script,,2027,Summer 2027,pattern:{last}{first[0]}@amazon.com,2026-06-24T12:50:51+00:00
oldhamj@amazon.com,Josh Oldham,amazon,amazon,,recruiter,inferred_pattern,True,inferred:recruiter-emailing-script,https://github.com/K02D/recruiter-emailing-script,,2027,Summer 2027,pattern:{last}{first[0]}@amazon.com,2026-06-24T12:50:51+00:00
omareo@amazon.com,Omawumi Omare,amazon,amazon,,recruiter,inferred_pattern,True,inferred:recruiter-emailing-script,https://github.com/K02D/recruiter-emailing-script,,2027,Summer 2027,pattern:{last}{first[0]}@amazon.com,2026-06-24T12:50:51+00:00
parke@amazon.com,Erika Park,amazon,amazon,,recruiter,inferred_pattern,True,inferred:recruiter-emailing-script,https://github.com/K02D/recruiter-emailing-script,,2027,Summer 2027,pattern:{last}{first[0]}@amazon.com,2026-06-24T12:50:51+00:00
patelc@amazon.com,Chandni Patel,amazon,amazon,,recruiter,inferred_pattern,True,inferred:recruiter-emailing-script,https://github.com/K02D/recruiter-emailing-script,,2027,Summer 2027,pattern:{last}{first[0]}@amazon.com,2026-06-24T12:50:51+00:00
porterc@amazon.com,Carly Porter,amazon,amazon,,recruiter,inferred_pattern,True,inferred:recruiter-emailing-script,https://github.com/K02D/recruiter-emailing-script,,2027,Summer 2027,pattern:{last}{first[0]}@amazon.com,2026-06-24T12:50:51+00:00
pradelj@amazon.com,Jack Pradel,amazon,amazon,,recruiter,inferred_pattern,True,inferred:recruiter-emailing-script,https://github.com/K02D/recruiter-emailing-script,,2027,Summer 2027,pattern:{last}{first[0]}@amazon.com,2026-06-24T12:50:51+00:00
programss@amazon.com,Student Programs,amazon,amazon,,recruiter,inferred_pattern,True,inferred:recruiter-emailing-script,https://github.com/K02D/recruiter-emailing-script,,2027,Summer 2027,pattern:{last}{first[0]}@amazon.com,2026-06-24T12:50:51+00:00
randolphj@amazon.com,Jeanell Randolph,amazon,amazon,,recruiter,inferred_pattern,True,inferred:recruiter-emailing-script,https://github.com/K02D/recruiter-emailing-script,,2027,Summer 2027,pattern:{last}{first[0]}@amazon.com,2026-06-24T12:50:51+00:00
realesa@amazon.com,Alex Reales,amazon,amazon,,recruiter,inferred_pattern,True,inferred:recruiter-emailing-script,https://github.com/K02D/recruiter-emailing-script,,2027,Summer 2027,pattern:{last}{first[0]}@amazon.com,2026-06-24T12:50:51+00:00
rosee@amazon.com,Emily Rose,amazon,amazon,,recruiter,inferred_pattern,True,inferred:recruiter-emailing-script,https://github.com/K02D/recruiter-emailing-script,,2027,Summer 2027,pattern:{last}{first[0]}@amazon.com,2026-06-24T12:50:51+00:00
rosej@amazon.com,Jewel Rose,amazon,amazon,,recruiter,inferred_pattern,True,inferred:recruiter-emailing-script,https://github.com/K02D/recruiter-emailing-script,,2027,Summer 2027,pattern:{last}{first[0]}@amazon.com,2026-06-24T12:50:51+00:00
saenzc@amazon.com,Colleene Saenz,amazon,amazon,,recruiter,inferred_pattern,True,inferred:recruiter-emailing-script,https://github.com/K02D/recruiter-emailing-script,,2027,Summer 2027,pattern:{last}{first[0]}@amazon.com,2026-06-24T12:50:51+00:00
sanchezm@amazon.com,Mihara Sanchez,amazon,amazon,,recruiter,inferred_pattern,True,inferred:recruiter-emailing-script,https://github.com/K02D/recruiter-emailing-script,,2027,Summer 2027,pattern:{last}{first[0]}@amazon.com,2026-06-24T12:50:51+00:00
sextona@amazon.com,Alex Sexton,amazon,amazon,,recruiter,inferred_pattern,True,inferred:recruiter-emailing-script,https://github.com/K02D/recruiter-emailing-script,,2027,Summer 2027,pattern:{last}{first[0]}@amazon.com,2026-06-24T12:50:51+00:00
sheny@amazon.com,Ying Shen,amazon,amazon,,recruiter,inferred_pattern,True,inferred:recruiter-emailing-script,https://github.com/K02D/recruiter-emailing-script,,2027,Summer 2027,pattern:{last}{first[0]}@amazon.com,2026-06-24T12:50:51+00:00
sinhaa@amazon.com,Ankur Sinha,amazon,amazon,,recruiter,inferred_pattern,True,inferred:recruiter-emailing-script,https://github.com/K02D/recruiter-emailing-script,,2027,Summer 2027,pattern:{last}{first[0]}@amazon.com,2026-06-24T12:50:51+00:00
turnerk@amazon.com,Kimberly Turner,amazon,amazon,,recruiter,inferred_pattern,True,inferred:recruiter-emailing-script,https://github.com/K02D/recruiter-emailing-script,,2027,Summer 2027,pattern:{last}{first[0]}@amazon.com,2026-06-24T12:50:51+00:00
wilsonc@amazon.com,Connor Wilson,amazon,amazon,,recruiter,inferred_pattern,True,inferred:recruiter-emailing-script,https://github.com/K02D/recruiter-emailing-script,,2027,Summer 2027,pattern:{last}{first[0]}@amazon.com,2026-06-24T12:50:51+00:00
wilsonj@amazon.com,Jessica Wilson,amazon,amazon,,recruiter,inferred_pattern,True,inferred:recruiter-emailing-script,https://github.com/K02D/recruiter-emailing-script,,2027,Summer 2027,pattern:{last}{first[0]}@amazon.com,2026-06-24T12:50:51+00:00
zaunb@amazon.com,Brittany Zaun,amazon,amazon,,recruiter,inferred_pattern,True,inferred:recruiter-emailing-script,https://github.com/K02D/recruiter-emailing-script,,2027,Summer 2027,pattern:{last}{first[0]}@amazon.com,2026-06-24T12:50:51+00:00
abatchelor@atlassian.com,Alex Batchelor,atlassian,atlassian,,recruiter,inferred_pattern,True,inferred:recruiter-emailing-script,https://github.com/K02D/recruiter-emailing-script,,2027,Summer 2027,pattern:{first[0]}{last}@atlassian.com,2026-06-24T12:50:51+00:00
aettlin@atlassian.com,Amanda Ettlin,atlassian,atlassian,,recruiter,inferred_pattern,True,inferred:recruiter-emailing-script,https://github.com/K02D/recruiter-emailing-script,,2027,Summer 2027,pattern:{first[0]}{last}@atlassian.com,2026-06-24T12:50:51+00:00
aharrison@atlassian.com,Amy Harrison,atlassian,atlassian,,recruiter,inferred_pattern,True,inferred:recruiter-emailing-script,https://github.com/K02D/recruiter-emailing-script,,2027,Summer 2027,pattern:{first[0]}{last}@atlassian.com,2026-06-24T12:50:51+00:00
asampson@atlassian.com,Amanda Sampson,atlassian,atlassian,,recruiter,inferred_pattern,True,inferred:recruiter-emailing-script,https://github.com/K02D/recruiter-emailing-script,,2027,Summer 2027,pattern:{first[0]}{last}@atlassian.com,2026-06-24T12:50:51+00:00
aweinhardt@atlassian.com,Alex Weinhardt,atlassian,atlassian,,recruiter,inferred_pattern,True,inferred:recruiter-emailing-script,https://github.com/K02D/recruiter-emailing-script,,2027,Summer 2027,pattern:{first[0]}{last}@atlassian.com,2026-06-24T12:50:51+00:00
bhariharan@atlassian.com,Beena Hariharan,atlassian,atlassian,,recruiter,inferred_pattern,True,inferred:recruiter-emailing-script,https://github.com/K02D/recruiter-emailing-script,,2027,Summer 2027,pattern:{first[0]}{last}@atlassian.com,2026-06-24T12:50:51+00:00
bjackson@atlassian.com,Brett Jackson,atlassian,atlassian,,recruiter,inferred_pattern,True,inferred:recruiter-emailing-script,https://github.com/K02D/recruiter-emailing-script,,2027,Summer 2027,pattern:{first[0]}{last}@atlassian.com,2026-06-24T12:50:51+00:00
bkamson@atlassian.com,Brittany Kamson,atlassian,atlassian,,recruiter,inferred_pattern,True,inferred:recruiter-emailing-script,https://github.com/K02D/recruiter-emailing-script,,2027,Summer 2027,pattern:{first[0]}{last}@atlassian.com,2026-06-24T12:50:51+00:00
cde@atlassian.com,Christian De,atlassian,atlassian,,recruiter,inferred_pattern,True,inferred:recruiter-emailing-script,https://github.com/K02D/recruiter-emailing-script,,2027,Summer 2027,pattern:{first[0]}{last}@atlassian.com,2026-06-24T12:50:51+00:00
churtubise@atlassian.com,Cheri Hurtubise,atlassian,atlassian,,recruiter,inferred_pattern,True,inferred:recruiter-emailing-script,https://github.com/K02D/recruiter-emailing-script,,2027,Summer 2027,pattern:{first[0]}{last}@atlassian.com,2026-06-24T12:50:51+00:00
cisbrandtsen@atlassian.com,Cristian Isbrandtsen,atlassian,atlassian,,recruiter,inferred_pattern,True,inferred:recruiter-emailing-script,https://github.com/K02D/recruiter-emailing-script,,2027,Summer 2027,pattern:{first[0]}{last}@atlassian.com,2026-06-24T12:50:51+00:00
cremillard@atlassian.com,Chris Remillard,atlassian,atlassian,,recruiter,inferred_pattern,True,inferred:recruiter-emailing-script,https://github.com/K02D/recruiter-emailing-script,,2027,Summer 2027,pattern:{first[0]}{last}@atlassian.com,2026-06-24T12:50:51+00:00
dyadav@atlassian.com,Deepti Yadav,atlassian,atlassian,,recruiter,inferred_pattern,True,inferred:recruiter-emailing-script,https://github.com/K02D/recruiter-emailing-script,,2027,Summer 2027,pattern:{first[0]}{last}@atlassian.com,2026-06-24T12:50:51+00:00
ecastro@atlassian.com,Emily Castro,atlassian,atlassian,,recruiter,inferred_pattern,True,inferred:recruiter-emailing-script,https://github.com/K02D/recruiter-emailing-script,,2027,Summer 2027,pattern:{first[0]}{last}@atlassian.com,2026-06-24T12:50:51+00:00
egoodman@atlassian.com,Elyssa Goodman,atlassian,atlassian,,recruiter,inferred_pattern,True,inferred:recruiter-emailing-script,https://github.com/K02D/recruiter-emailing-script,,2027,Summer 2027,pattern:{first[0]}{last}@atlassian.com,2026-06-24T12:50:51+00:00
emiles@atlassian.com,Emily Miles,atlassian,atlassian,,recruiter,inferred_pattern,True,inferred:recruiter-emailing-script,https://github.com/K02D/recruiter-emailing-script,,2027,Summer 2027,pattern:{first[0]}{last}@atlassian.com,2026-06-24T12:50:51+00:00
gkim@atlassian.com,Grace Kim,atlassian,atlassian,,recruiter,inferred_pattern,True,inferred:recruiter-emailing-script,https://github.com/K02D/recruiter-emailing-script,,2027,Summer 2027,pattern:{first[0]}{last}@atlassian.com,2026-06-24T12:50:51+00:00
jdavis@atlassian.com,Julia Davis,atlassian,atlassian,,recruiter,inferred_pattern,True,inferred:recruiter-emailing-script,https://github.com/K02D/recruiter-emailing-script,,2027,Summer 2027,pattern:{first[0]}{last}@atlassian.com,2026-06-24T12:50:51+00:00
kbowers@atlassian.com,Kayla Bowers,atlassian,atlassian,,recruiter,inferred_pattern,True,inferred:recruiter-emailing-script,https://github.com/K02D/recruiter-emailing-script,,2027,Summer 2027,pattern:{first[0]}{last}@atlassian.com,2026-06-24T12:50:51+00:00
kbrackett@atlassian.com,Kayla Brackett,atlassian,atlassian,,recruiter,inferred_pattern,True,inferred:recruiter-emailing-script,https://github.com/K02D/recruiter-emailing-script,,2027,Summer 2027,pattern:{first[0]}{last}@atlassian.com,2026-06-24T12:50:51+00:00
kvijayakumar@atlassian.com,Kamalesh Vijayakumar,atlassian,atlassian,,recruiter,inferred_pattern,True,inferred:recruiter-emailing-script,https://github.com/K02D/recruiter-emailing-script,,2027,Summer 2027,pattern:{first[0]}{last}@atlassian.com,2026-06-24T12:50:51+00:00
larmstrong@atlassian.com,Loren Armstrong,atlassian,atlassian,,recruiter,inferred_pattern,True,inferred:recruiter-emailing-script,https://github.com/K02D/recruiter-emailing-script,,2027,Summer 2027,pattern:{first[0]}{last}@atlassian.com,2026-06-24T12:50:51+00:00
lbauer@atlassian.com,Lauren Bauer,atlassian,atlassian,,recruiter,inferred_pattern,True,inferred:recruiter-emailing-script,https://github.com/K02D/recruiter-emailing-script,,2027,Summer 2027,pattern:{first[0]}{last}@atlassian.com,2026-06-24T12:50:51+00:00
lholmes@atlassian.com,Lara Holmes,atlassian,atlassian,,recruiter,inferred_pattern,True,inferred:recruiter-emailing-script,https://github.com/K02D/recruiter-emailing-script,,2027,Summer 2027,pattern:{first[0]}{last}@atlassian.com,2026-06-24T12:50:51+00:00
mdesai@atlassian.com,Mruga Desai,atlassian,atlassian,,recruiter,inferred_pattern,True,inferred:recruiter-emailing-script,https://github.com/K02D/recruiter-emailing-script,,2027,Summer 2027,pattern:{first[0]}{last}@atlassian.com,2026-06-24T12:50:51+00:00
mrogers@atlassian.com,Megan Rogers,atlassian,atlassian,,recruiter,inferred_pattern,True,inferred:recruiter-emailing-script,https://github.com/K02D/recruiter-emailing-script,,2027,Summer 2027,pattern:{first[0]}{last}@atlassian.com,2026-06-24T12:50:51+00:00
mtandon@atlassian.com,Mehak Tandon,atlassian,atlassian,,recruiter,inferred_pattern,True,inferred:recruiter-emailing-script,https://github.com/K02D/recruiter-emailing-script,,2027,Summer 2027,pattern:{first[0]}{last}@atlassian.com,2026-06-24T12:50:51+00:00
pgamble@atlassian.com,Patrick Gamble,atlassian,atlassian,,recruiter,inferred_pattern,True,inferred:recruiter-emailing-script,https://github.com/K02D/recruiter-emailing-script,,2027,Summer 2027,pattern:{first[0]}{last}@atlassian.com,2026-06-24T12:50:51+00:00
poperations@atlassian.com,People Operations,atlassian,atlassian,,recruiter,inferred_pattern,True,inferred:recruiter-emailing-script,https://github.com/K02D/recruiter-emailing-script,,2027,Summer 2027,pattern:{first[0]}{last}@atlassian.com,2026-06-24T12:50:51+00:00
rbasili@atlassian.com,Roberta Basili,atlassian,atlassian,,recruiter,inferred_pattern,True,inferred:recruiter-emailing-script,https://github.com/K02D/recruiter-emailing-script,,2027,Summer 2027,pattern:{first[0]}{last}@atlassian.com,2026-06-24T12:50:51+00:00
rbhatt@atlassian.com,Rushita Bhatt,atlassian,atlassian,,recruiter,inferred_pattern,True,inferred:recruiter-emailing-script,https://github.com/K02D/recruiter-emailing-script,,2027,Summer 2027,pattern:{first[0]}{last}@atlassian.com,2026-06-24T12:50:51+00:00
sblair@atlassian.com,Sophie Blair,atlassian,atlassian,,recruiter,inferred_pattern,True,inferred:recruiter-emailing-script,https://github.com/K02D/recruiter-emailing-script,,2027,Summer 2027,pattern:{first[0]}{last}@atlassian.com,2026-06-24T12:50:51+00:00
scampus@atlassian.com,Senior Campus,atlassian,atlassian,,recruiter,inferred_pattern,True,inferred:recruiter-emailing-script,https://github.com/K02D/recruiter-emailing-script,,2027,Summer 2027,pattern:{first[0]}{last}@atlassian.com,2026-06-24T12:50:51+00:00
shalder@atlassian.com,Saikat Halder,atlassian,atlassian,,recruiter,inferred_pattern,True,inferred:recruiter-emailing-script,https://github.com/K02D/recruiter-emailing-script,,2027,Summer 2027,pattern:{first[0]}{last}@atlassian.com,2026-06-24T12:50:51+00:00
snair@atlassian.com,Shalini Nair,atlassian,atlassian,,recruiter,inferred_pattern,True,inferred:recruiter-emailing-script,https://github.com/K02D/recruiter-emailing-script,,2027,Summer 2027,pattern:{first[0]}{last}@atlassian.com,2026-06-24T12:50:51+00:00
sschimek@atlassian.com,Samantha Schimek,atlassian,atlassian,,recruiter,inferred_pattern,True,inferred:recruiter-emailing-script,https://github.com/K02D/recruiter-emailing-script,,2027,Summer 2027,pattern:{first[0]}{last}@atlassian.com,2026-06-24T12:50:51+00:00
svidya@atlassian.com,Sudarshan Vidya,atlassian,atlassian,,recruiter,inferred_pattern,True,inferred:recruiter-emailing-script,https://github.com/K02D/recruiter-emailing-script,,2027,Summer 2027,pattern:{first[0]}{last}@atlassian.com,2026-06-24T12:50:51+00:00
tkim@atlassian.com,Tae Kim,atlassian,atlassian,,recruiter,inferred_pattern,True,inferred:recruiter-emailing-script,https://github.com/K02D/recruiter-emailing-script,,2027,Summer 2027,pattern:{first[0]}{last}@atlassian.com,2026-06-24T12:50:51+00:00
tnguyen@atlassian.com,Tommy Nguyen,atlassian,atlassian,,recruiter,inferred_pattern,True,inferred:recruiter-emailing-script,https://github.com/K02D/recruiter-emailing-script,,2027,Summer 2027,pattern:{first[0]}{last}@atlassian.com,2026-06-24T12:50:51+00:00
tpawar@atlassian.com,Tanushree Pawar,atlassian,atlassian,,recruiter,inferred_pattern,True,inferred:recruiter-emailing-script,https://github.com/K02D/recruiter-emailing-script,,2027,Summer 2027,pattern:{first[0]}{last}@atlassian.com,2026-06-24T12:50:51+00:00
vmullan@atlassian.com,Victoria Mullan,atlassian,atlassian,,recruiter,inferred_pattern,True,inferred:recruiter-emailing-script,https://github.com/K02D/recruiter-emailing-script,,2027,Summer 2027,pattern:{first[0]}{last}@atlassian.com,2026-06-24T12:50:51+00:00
addie.nunno@databricks.com,Addie Nunno,databricks,databricks,,recruiter,inferred_pattern,True,inferred:recruiter-emailing-script,https://github.com/K02D/recruiter-emailing-script,,2027,Summer 2027,pattern:{first}.{last}@databricks.com,2026-06-24T12:50:51+00:00
alex.clark@databricks.com,Alex Clark,databricks,databricks,,recruiter,inferred_pattern,True,inferred:recruiter-emailing-script,https://github.com/K02D/recruiter-emailing-script,,2027,Summer 2027,pattern:{first}.{last}@databricks.com,2026-06-24T12:50:51+00:00
alexa.crum@databricks.com,Alexa Crum,databricks,databricks,,recruiter,inferred_pattern,True,inferred:recruiter-emailing-script,https://github.com/K02D/recruiter-emailing-script,,2027,Summer 2027,pattern:{first}.{last}@databricks.com,2026-06-24T12:50:51+00:00
andy.stahl@databricks.com,Andy Stahl,databricks,databricks,,recruiter,inferred_pattern,True,inferred:recruiter-emailing-script,https://github.com/K02D/recruiter-emailing-script,,2027,Summer 2027,pattern:{first}.{last}@databricks.com,2026-06-24T12:50:51+00:00
benjamin.mathew@databricks.com,Benjamin Mathew,databricks,databricks,,recruiter,inferred_pattern,True,inferred:recruiter-emailing-script,https://github.com/K02D/recruiter-emailing-script,,2027,Summer 2027,pattern:{first}.{last}@databricks.com,2026-06-24T12:50:51+00:00
brandon.grier@databricks.com,Brandon Grier,databricks,databricks,,recruiter,inferred_pattern,True,inferred:recruiter-emailing-script,https://github.com/K02D/recruiter-emailing-script,,2027,Summer 2027,pattern:{first}.{last}@databricks.com,2026-06-24T12:50:51+00:00
bryan.lauer@databricks.com,Bryan Lauer,databricks,databricks,,recruiter,inferred_pattern,True,inferred:recruiter-emailing-script,https://github.com/K02D/recruiter-emailing-script,,2027,Summer 2027,pattern:{first}.{last}@databricks.com,2026-06-24T12:50:51+00:00
carlos.hernandez@databricks.com,Carlos Hernandez,databricks,databricks,,recruiter,inferred_pattern,True,inferred:recruiter-emailing-script,https://github.com/K02D/recruiter-emailing-script,,2027,Summer 2027,pattern:{first}.{last}@databricks.com,2026-06-24T12:50:51+00:00
corey.newell@databricks.com,Corey Newell,databricks,databricks,,recruiter,inferred_pattern,True,inferred:recruiter-emailing-script,https://github.com/K02D/recruiter-emailing-script,,2027,Summer 2027,pattern:{first}.{last}@databricks.com,2026-06-24T12:50:51+00:00
danes.mathew@databricks.com,Danes Mathew,databricks,databricks,,recruiter,inferred_pattern,True,inferred:recruiter-emailing-script,https://github.com/K02D/recruiter-emailing-script,,2027,Summer 2027,pattern:{first}.{last}@databricks.com,2026-06-24T12:50:51+00:00
daniel.aiken@databricks.com,Daniel Aiken,databricks,databricks,,recruiter,inferred_pattern,True,inferred:recruiter-emailing-script,https://github.com/K02D/recruiter-emailing-script,,2027,Summer 2027,pattern:{first}.{last}@databricks.com,2026-06-24T12:50:51+00:00
diana.coardos@databricks.com,Diana Coardos,databricks,databricks,,recruiter,inferred_pattern,True,inferred:recruiter-emailing-script,https://github.com/K02D/recruiter-emailing-script,,2027,Summer 2027,pattern:{first}.{last}@databricks.com,2026-06-24T12:50:51+00:00
dominique.brown@databricks.com,Dominique Brown,databricks,databricks,,recruiter,inferred_pattern,True,inferred:recruiter-emailing-script,https://github.com/K02D/recruiter-emailing-script,,2027,Summer 2027,pattern:{first}.{last}@databricks.com,2026-06-24T12:50:51+00:00
heather.kwok@databricks.com,Heather Kwok,databricks,databricks,,recruiter,inferred_pattern,True,inferred:recruiter-emailing-script,https://github.com/K02D/recruiter-emailing-script,,2027,Summer 2027,pattern:{first}.{last}@databricks.com,2026-06-24T12:50:51+00:00
hemali.bhas@databricks.com,Hemali Bhas,databricks,databricks,,recruiter,inferred_pattern,True,inferred:recruiter-emailing-script,https://github.com/K02D/recruiter-emailing-script,,2027,Summer 2027,pattern:{first}.{last}@databricks.com,2026-06-24T12:50:51+00:00
hin.amran@databricks.com,Hin Amran,databricks,databricks,,recruiter,inferred_pattern,True,inferred:recruiter-emailing-script,https://github.com/K02D/recruiter-emailing-script,,2027,Summer 2027,pattern:{first}.{last}@databricks.com,2026-06-24T12:50:51+00:00
hossein.falaki@databricks.com,Hossein Falaki,databricks,databricks,,recruiter,inferred_pattern,True,inferred:recruiter-emailing-script,https://github.com/K02D/recruiter-emailing-script,,2027,Summer 2027,pattern:{first}.{last}@databricks.com,2026-06-24T12:50:51+00:00
ivan.brooks@databricks.com,Ivan Brooks,databricks,databricks,,recruiter,inferred_pattern,True,inferred:recruiter-emailing-script,https://github.com/K02D/recruiter-emailing-script,,2027,Summer 2027,pattern:{first}.{last}@databricks.com,2026-06-24T12:50:51+00:00
jackson.gates@databricks.com,Jackson Gates,databricks,databricks,,recruiter,inferred_pattern,True,inferred:recruiter-emailing-script,https://github.com/K02D/recruiter-emailing-script,,2027,Summer 2027,pattern:{first}.{last}@databricks.com,2026-06-24T12:50:51+00:00
james.milliron@databricks.com,James Milliron,databricks,databricks,,recruiter,inferred_pattern,True,inferred:recruiter-emailing-script,https://github.com/K02D/recruiter-emailing-script,,2027,Summer 2027,pattern:{first}.{last}@databricks.com,2026-06-24T12:50:51+00:00
jariah.buys@databricks.com,Jariah Buys,databricks,databricks,,recruiter,inferred_pattern,True,inferred:recruiter-emailing-script,https://github.com/K02D/recruiter-emailing-script,,2027,Summer 2027,pattern:{first}.{last}@databricks.com,2026-06-24T12:50:51+00:00
jessica.hsiao@databricks.com,Jessica Hsiao,databricks,databricks,,recruiter,inferred_pattern,True,inferred:recruiter-emailing-script,https://github.com/K02D/recruiter-emailing-script,,2027,Summer 2027,pattern:{first}.{last}@databricks.com,2026-06-24T12:50:51+00:00
jia.hui@databricks.com,Jia Hui,databricks,databricks,,recruiter,inferred_pattern,True,inferred:recruiter-emailing-script,https://github.com/K02D/recruiter-emailing-script,,2027,Summer 2027,pattern:{first}.{last}@databricks.com,2026-06-24T12:50:51+00:00
jimmy.gould@databricks.com,Jimmy Gould,databricks,databricks,,recruiter,inferred_pattern,True,inferred:recruiter-emailing-script,https://github.com/K02D/recruiter-emailing-script,,2027,Summer 2027,pattern:{first}.{last}@databricks.com,2026-06-24T12:50:51+00:00
josh.buck@databricks.com,Josh Buck,databricks,databricks,,recruiter,inferred_pattern,True,inferred:recruiter-emailing-script,https://github.com/K02D/recruiter-emailing-script,,2027,Summer 2027,pattern:{first}.{last}@databricks.com,2026-06-24T12:50:51+00:00
katie.tenboer@databricks.com,Katie Tenboer,databricks,databricks,,recruiter,inferred_pattern,True,inferred:recruiter-emailing-script,https://github.com/K02D/recruiter-emailing-script,,2027,Summer 2027,pattern:{first}.{last}@databricks.com,2026-06-24T12:50:51+00:00
keaka.hashimoto@databricks.com,Keaka Hashimoto,databricks,databricks,,recruiter,inferred_pattern,True,inferred:recruiter-emailing-script,https://github.com/K02D/recruiter-emailing-script,,2027,Summer 2027,pattern:{first}.{last}@databricks.com,2026-06-24T12:50:51+00:00
kelly.guslani@databricks.com,Kelly Guslani,databricks,databricks,,recruiter,inferred_pattern,True,inferred:recruiter-emailing-script,https://github.com/K02D/recruiter-emailing-script,,2027,Summer 2027,pattern:{first}.{last}@databricks.com,2026-06-24T12:50:51+00:00
kevin.woestman@databricks.com,Kevin Woestman,databricks,databricks,,recruiter,inferred_pattern,True,inferred:recruiter-emailing-script,https://github.com/K02D/recruiter-emailing-script,,2027,Summer 2027,pattern:{first}.{last}@databricks.com,2026-06-24T12:50:51+00:00
kristen.benedict@databricks.com,Kristen Benedict,databricks,databricks,,recruiter,inferred_pattern,True,inferred:recruiter-emailing-script,https://github.com/K02D/recruiter-emailing-script,,2027,Summer 2027,pattern:{first}.{last}@databricks.com,2026-06-24T12:50:51+00:00
lauren.steitz@databricks.com,Lauren Steitz,databricks,databricks,,recruiter,inferred_pattern,True,inferred:recruiter-emailing-script,https://github.com/K02D/recruiter-emailing-script,,2027,Summer 2027,pattern:{first}.{last}@databricks.com,2026-06-24T12:50:51+00:00
maura.sweetland@databricks.com,Maura Sweetland,databricks,databricks,,recruiter,inferred_pattern,True,inferred:recruiter-emailing-script,https://github.com/K02D/recruiter-emailing-script,,2027,Summer 2027,pattern:{first}.{last}@databricks.com,2026-06-24T12:50:51+00:00
peter.ruiz@databricks.com,Peter Ruiz,databricks,databricks,,recruiter,inferred_pattern,True,inferred:recruiter-emailing-script,https://github.com/K02D/recruiter-emailing-script,,2027,Summer 2027,pattern:{first}.{last}@databricks.com,2026-06-24T12:50:51+00:00
preeti.chandrashekar@databricks.com,Preeti Chandrashekar,databricks,databricks,,recruiter,inferred_pattern,True,inferred:recruiter-emailing-script,https://github.com/K02D/recruiter-emailing-script,,2027,Summer 2027,pattern:{first}.{last}@databricks.com,2026-06-24T12:50:51+00:00
ray.mills@databricks.com,Ray Mills,databricks,databricks,,recruiter,inferred_pattern,True,inferred:recruiter-emailing-script,https://github.com/K02D/recruiter-emailing-script,,2027,Summer 2027,pattern:{first}.{last}@databricks.com,2026-06-24T12:50:51+00:00
richa.kaushal@databricks.com,Richa Kaushal,databricks,databricks,,recruiter,inferred_pattern,True,inferred:recruiter-emailing-script,https://github.com/K02D/recruiter-emailing-script,,2027,Summer 2027,pattern:{first}.{last}@databricks.com,2026-06-24T12:50:51+00:00
rob.schluensen@databricks.com,Rob Schluensen,databricks,databricks,,recruiter,inferred_pattern,True,inferred:recruiter-emailing-script,https://github.com/K02D/recruiter-emailing-script,,2027,Summer 2027,pattern:{first}.{last}@databricks.com,2026-06-24T12:50:51+00:00
ruth.embaie@databricks.com,Ruth Embaie,databricks,databricks,,recruiter,inferred_pattern,True,inferred:recruiter-emailing-script,https://github.com/K02D/recruiter-emailing-script,,2027,Summer 2027,pattern:{first}.{last}@databricks.com,2026-06-24T12:50:51+00:00
sandhya.jain@databricks.com,Sandhya Jain,databricks,databricks,,recruiter,inferred_pattern,True,inferred:recruiter-emailing-script,https://github.com/K02D/recruiter-emailing-script,,2027,Summer 2027,pattern:{first}.{last}@databricks.com,2026-06-24T12:50:51+00:00
sandra.sandeep@databricks.com,Sandra Sandeep,databricks,databricks,,recruiter,inferred_pattern,True,inferred:recruiter-emailing-script,https://github.com/K02D/recruiter-emailing-script,,2027,Summer 2027,pattern:{first}.{last}@databricks.com,2026-06-24T12:50:51+00:00
susie.huguet@databricks.com,Susie Huguet,databricks,databricks,,recruiter,inferred_pattern,True,inferred:recruiter-emailing-script,https://github.com/K02D/recruiter-emailing-script,,2027,Summer 2027,pattern:{first}.{last}@databricks.com,2026-06-24T12:50:51+00:00
vishali.rathod@databricks.com,Vishali Rathod,databricks,databricks,,recruiter,inferred_pattern,True,inferred:recruiter-emailing-script,https://github.com/K02D/recruiter-emailing-script,,2027,Summer 2027,pattern:{first}.{last}@databricks.com,2026-06-24T12:50:51+00:00
zaheera.valani@databricks.com,Zaheera Valani,databricks,databricks,,recruiter,inferred_pattern,True,inferred:recruiter-emailing-script,https://github.com/K02D/recruiter-emailing-script,,2027,Summer 2027,pattern:{first}.{last}@databricks.com,2026-06-24T12:50:51+00:00
zhexin.jin@databricks.com,Zhexin Jin,databricks,databricks,,recruiter,inferred_pattern,True,inferred:recruiter-emailing-script,https://github.com/K02D/recruiter-emailing-script,,2027,Summer 2027,pattern:{first}.{last}@databricks.com,2026-06-24T12:50:51+00:00
acabrales@google.com,Alexa Cabrales,google,google,,recruiter,inferred_pattern,True,inferred:recruiter-emailing-script,https://github.com/K02D/recruiter-emailing-script,,2027,Summer 2027,pattern:{first[0]}{last}@google.com,2026-06-24T12:50:51+00:00
aphan@google.com,Aiminh Phan,google,google,,recruiter,inferred_pattern,True,inferred:recruiter-emailing-script,https://github.com/K02D/recruiter-emailing-script,,2027,Summer 2027,pattern:{first[0]}{last}@google.com,2026-06-24T12:50:51+00:00
asarosy@google.com,Alexandra Sarosy,google,google,,recruiter,inferred_pattern,True,inferred:recruiter-emailing-script,https://github.com/K02D/recruiter-emailing-script,,2027,Summer 2027,pattern:{first[0]}{last}@google.com,2026-06-24T12:50:51+00:00
atrexler@google.com,Ashley Trexler,google,google,,recruiter,inferred_pattern,True,inferred:recruiter-emailing-script,https://github.com/K02D/recruiter-emailing-script,,2027,Summer 2027,pattern:{first[0]}{last}@google.com,2026-06-24T12:50:51+00:00
awitt@google.com,Amanda Witt,google,google,,recruiter,inferred_pattern,True,inferred:recruiter-emailing-script,https://github.com/K02D/recruiter-emailing-script,,2027,Summer 2027,pattern:{first[0]}{last}@google.com,2026-06-24T12:50:51+00:00
bbishop@google.com,Brian Bishop,google,google,,recruiter,inferred_pattern,True,inferred:recruiter-emailing-script,https://github.com/K02D/recruiter-emailing-script,,2027,Summer 2027,pattern:{first[0]}{last}@google.com,2026-06-24T12:50:51+00:00
bjones@google.com,Brad Jones,google,google,,recruiter,inferred_pattern,True,inferred:recruiter-emailing-script,https://github.com/K02D/recruiter-emailing-script,,2027,Summer 2027,pattern:{first[0]}{last}@google.com,2026-06-24T12:50:51+00:00
bkelley@google.com,Bryan Kelley,google,google,,recruiter,inferred_pattern,True,inferred:recruiter-emailing-script,https://github.com/K02D/recruiter-emailing-script,,2027,Summer 2027,pattern:{first[0]}{last}@google.com,2026-06-24T12:50:51+00:00
bmead@google.com,Ben Mead,google,google,,recruiter,inferred_pattern,True,inferred:recruiter-emailing-script,https://github.com/K02D/recruiter-emailing-script,,2027,Summer 2027,pattern:{first[0]}{last}@google.com,2026-06-24T12:50:51+00:00
bperry@google.com,Brittany Perry,google,google,,recruiter,inferred_pattern,True,inferred:recruiter-emailing-script,https://github.com/K02D/recruiter-emailing-script,,2027,Summer 2027,pattern:{first[0]}{last}@google.com,2026-06-24T12:50:51+00:00
bsherrod@google.com,Betsy Sherrod,google,google,,recruiter,inferred_pattern,True,inferred:recruiter-emailing-script,https://github.com/K02D/recruiter-emailing-script,,2027,Summer 2027,pattern:{first[0]}{last}@google.com,2026-06-24T12:50:51+00:00
bstaiger@google.com,Betsy Staiger,google,google,,recruiter,inferred_pattern,True,inferred:recruiter-emailing-script,https://github.com/K02D/recruiter-emailing-script,,2027,Summer 2027,pattern:{first[0]}{last}@google.com,2026-06-24T12:50:51+00:00
cbrundrett@google.com,Crystal Brundrett,google,google,,recruiter,inferred_pattern,True,inferred:recruiter-emailing-script,https://github.com/K02D/recruiter-emailing-script,,2027,Summer 2027,pattern:{first[0]}{last}@google.com,2026-06-24T12:50:51+00:00
ckennedy@google.com,Colin Kennedy,google,google,,recruiter,inferred_pattern,True,inferred:recruiter-emailing-script,https://github.com/K02D/recruiter-emailing-script,,2027,Summer 2027,pattern:{first[0]}{last}@google.com,2026-06-24T12:50:51+00:00
crodriguez@google.com,Carlos Rodriguez,google,google,,recruiter,inferred_pattern,True,inferred:recruiter-emailing-script,https://github.com/K02D/recruiter-emailing-script,,2027,Summer 2027,pattern:{first[0]}{last}@google.com,2026-06-24T12:50:51+00:00
droyall@google.com,Derek Royall,google,google,,recruiter,inferred_pattern,True,inferred:recruiter-emailing-script,https://github.com/K02D/recruiter-emailing-script,,2027,Summer 2027,pattern:{first[0]}{last}@google.com,2026-06-24T12:50:51+00:00
gcampus@google.com,Google Campus,google,google,,recruiter,inferred_pattern,True,inferred:recruiter-emailing-script,https://github.com/K02D/recruiter-emailing-script,,2027,Summer 2027,pattern:{first[0]}{last}@google.com,2026-06-24T12:50:51+00:00
gchicago@google.com,Greater Chicago,google,google,,recruiter,inferred_pattern,True,inferred:recruiter-emailing-script,https://github.com/K02D/recruiter-emailing-script,,2027,Summer 2027,pattern:{first[0]}{last}@google.com,2026-06-24T12:50:51+00:00
gcloud@google.com,Google Cloud,google,google,,recruiter,inferred_pattern,True,inferred:recruiter-emailing-script,https://github.com/K02D/recruiter-emailing-script,,2027,Summer 2027,pattern:{first[0]}{last}@google.com,2026-06-24T12:50:51+00:00
gcollege@google.com,Google College,google,google,,recruiter,inferred_pattern,True,inferred:recruiter-emailing-script,https://github.com/K02D/recruiter-emailing-script,,2027,Summer 2027,pattern:{first[0]}{last}@google.com,2026-06-24T12:50:51+00:00
jabramowitz@google.com,Jacob Abramowitz,google,google,,recruiter,inferred_pattern,True,inferred:recruiter-emailing-script,https://github.com/K02D/recruiter-emailing-script,,2027,Summer 2027,pattern:{first[0]}{last}@google.com,2026-06-24T12:50:51+00:00
jdoe@google.com,John Doe,google,google,,recruiter,inferred_pattern,True,inferred:recruiter-emailing-script,https://github.com/K02D/recruiter-emailing-script,,2027,Summer 2027,pattern:{first[0]}{last}@google.com,2026-06-24T12:50:51+00:00
jhoefer@google.com,Jordan Hoefer,google,google,,recruiter,inferred_pattern,True,inferred:recruiter-emailing-script,https://github.com/K02D/recruiter-emailing-script,,2027,Summer 2027,pattern:{first[0]}{last}@google.com,2026-06-24T12:50:51+00:00
jkrohn@google.com,Jaclyn Krohn,google,google,,recruiter,inferred_pattern,True,inferred:recruiter-emailing-script,https://github.com/K02D/recruiter-emailing-script,,2027,Summer 2027,pattern:{first[0]}{last}@google.com,2026-06-24T12:50:51+00:00
jpalmer@google.com,Jillian Palmer,google,google,,recruiter,inferred_pattern,True,inferred:recruiter-emailing-script,https://github.com/K02D/recruiter-emailing-script,,2027,Summer 2027,pattern:{first[0]}{last}@google.com,2026-06-24T12:50:51+00:00
jramirez@google.com,Julie Ramirez,google,google,,recruiter,inferred_pattern,True,inferred:recruiter-emailing-script,https://github.com/K02D/recruiter-emailing-script,,2027,Summer 2027,pattern:{first[0]}{last}@google.com,2026-06-24T12:50:51+00:00
jstraatsma@google.com,Jarin Straatsma,google,google,,recruiter,inferred_pattern,True,inferred:recruiter-emailing-script,https://github.com/K02D/recruiter-emailing-script,,2027,Summer 2027,pattern:{first[0]}{last}@google.com,2026-06-24T12:50:51+00:00
kbraase@google.com,Kassidi Braase,google,google,,recruiter,inferred_pattern,True,inferred:recruiter-emailing-script,https://github.com/K02D/recruiter-emailing-script,,2027,Summer 2027,pattern:{first[0]}{last}@google.com,2026-06-24T12:50:51+00:00
kbuxani@google.com,Karishma Buxani,google,google,,recruiter,inferred_pattern,True,inferred:recruiter-emailing-script,https://github.com/K02D/recruiter-emailing-script,,2027,Summer 2027,pattern:{first[0]}{last}@google.com,2026-06-24T12:50:51+00:00
kcallahan@google.com,Kate Callahan,google,google,,recruiter,inferred_pattern,True,inferred:recruiter-emailing-script,https://github.com/K02D/recruiter-emailing-script,,2027,Summer 2027,pattern:{first[0]}{last}@google.com,2026-06-24T12:50:51+00:00
kspinola@google.com,Katie Spinola,google,google,,recruiter,inferred_pattern,True,inferred:recruiter-emailing-script,https://github.com/K02D/recruiter-emailing-script,,2027,Summer 2027,pattern:{first[0]}{last}@google.com,2026-06-24T12:50:51+00:00
kvelasquez@google.com,Keegan Velasquez,google,google,,recruiter,inferred_pattern,True,inferred:recruiter-emailing-script,https://github.com/K02D/recruiter-emailing-script,,2027,Summer 2027,pattern:{first[0]}{last}@google.com,2026-06-24T12:50:51+00:00
mhelton@google.com,Meghan Helton,google,google,,recruiter,inferred_pattern,True,inferred:recruiter-emailing-script,https://github.com/K02D/recruiter-emailing-script,,2027,Summer 2027,pattern:{first[0]}{last}@google.com,2026-06-24T12:50:51+00:00
mjackson@google.com,Melinda Jackson,google,google,,recruiter,inferred_pattern,True,inferred:recruiter-emailing-script,https://github.com/K02D/recruiter-emailing-script,,2027,Summer 2027,pattern:{first[0]}{last}@google.com,2026-06-24T12:50:51+00:00
mward@google.com,Morgan Ward,google,google,,recruiter,inferred_pattern,True,inferred:recruiter-emailing-script,https://github.com/K02D/recruiter-emailing-script,,2027,Summer 2027,pattern:{first[0]}{last}@google.com,2026-06-24T12:50:51+00:00
mwood@google.com,Maggie Wood,google,google,,recruiter,inferred_pattern,True,inferred:recruiter-emailing-script,https://github.com/K02D/recruiter-emailing-script,,2027,Summer 2027,pattern:{first[0]}{last}@google.com,2026-06-24T12:50:51+00:00
nvan@google.com,Noelle Van,google,google,,recruiter,inferred_pattern,True,inferred:recruiter-emailing-script,https://github.com/K02D/recruiter-emailing-script,,2027,Summer 2027,pattern:{first[0]}{last}@google.com,2026-06-24T12:50:51+00:00
pmallavaram@google.com,Pravin Mallavaram,google,google,,recruiter,inferred_pattern,True,inferred:recruiter-emailing-script,https://github.com/K02D/recruiter-emailing-script,,2027,Summer 2027,pattern:{first[0]}{last}@google.com,2026-06-24T12:50:51+00:00
rdhindsa@google.com,Rameen Dhindsa,google,google,,recruiter,inferred_pattern,True,inferred:recruiter-emailing-script,https://github.com/K02D/recruiter-emailing-script,,2027,Summer 2027,pattern:{first[0]}{last}@google.com,2026-06-24T12:50:51+00:00
rmanager@google.com,Recruiting Manager,google,google,,recruiter,inferred_pattern,True,inferred:recruiter-emailing-script,https://github.com/K02D/recruiter-emailing-script,,2027,Summer 2027,pattern:{first[0]}{last}@google.com,2026-06-24T12:50:51+00:00
rvinh@google.com,Ryan Vinh,google,google,,recruiter,inferred_pattern,True,inferred:recruiter-emailing-script,https://github.com/K02D/recruiter-emailing-script,,2027,Summer 2027,pattern:{first[0]}{last}@google.com,2026-06-24T12:50:51+00:00
sbowen@google.com,Stacey Bowen,google,google,,recruiter,inferred_pattern,True,inferred:recruiter-emailing-script,https://github.com/K02D/recruiter-emailing-script,,2027,Summer 2027,pattern:{first[0]}{last}@google.com,2026-06-24T12:50:51+00:00
shays@google.com,Stephen Hays,google,google,,recruiter,inferred_pattern,True,inferred:recruiter-emailing-script,https://github.com/K02D/recruiter-emailing-script,,2027,Summer 2027,pattern:{first[0]}{last}@google.com,2026-06-24T12:50:51+00:00
tdockery@google.com,Todd Dockery,google,google,,recruiter,inferred_pattern,True,inferred:recruiter-emailing-script,https://github.com/K02D/recruiter-emailing-script,,2027,Summer 2027,pattern:{first[0]}{last}@google.com,2026-06-24T12:50:51+00:00
tmohler@google.com,Terri Mohler,google,google,,recruiter,inferred_pattern,True,inferred:recruiter-emailing-script,https://github.com/K02D/recruiter-emailing-script,,2027,Summer 2027,pattern:{first[0]}{last}@google.com,2026-06-24T12:50:51+00:00
zavelino@google.com,Zach Avelino,google,google,,recruiter,inferred_pattern,True,inferred:recruiter-emailing-script,https://github.com/K02D/recruiter-emailing-script,,2027,Summer 2027,pattern:{first[0]}{last}@google.com,2026-06-24T12:50:51+00:00
afarmer@linkedin.com,Ashley Farmer,linkedin,linkedin,,recruiter,inferred_pattern,True,inferred:recruiter-emailing-script,https://github.com/K02D/recruiter-emailing-script,,2027,Summer 2027,pattern:{first[0]}{last}@linkedin.com,2026-06-24T12:50:51+00:00
aleftwich@linkedin.com,Addison Leftwich,linkedin,linkedin,,recruiter,inferred_pattern,True,inferred:recruiter-emailing-script,https://github.com/K02D/recruiter-emailing-script,,2027,Summer 2027,pattern:{first[0]}{last}@linkedin.com,2026-06-24T12:50:51+00:00
alutton@linkedin.com,Amanda Lutton,linkedin,linkedin,,recruiter,inferred_pattern,True,inferred:recruiter-emailing-script,https://github.com/K02D/recruiter-emailing-script,,2027,Summer 2027,pattern:{first[0]}{last}@linkedin.com,2026-06-24T12:50:51+00:00
aluu@linkedin.com,Amanda Luu,linkedin,linkedin,,recruiter,inferred_pattern,True,inferred:recruiter-emailing-script,https://github.com/K02D/recruiter-emailing-script,,2027,Summer 2027,pattern:{first[0]}{last}@linkedin.com,2026-06-24T12:50:51+00:00
anogueira@linkedin.com,Alyssa Nogueira,linkedin,linkedin,,recruiter,inferred_pattern,True,inferred:recruiter-emailing-script,https://github.com/K02D/recruiter-emailing-script,,2027,Summer 2027,pattern:{first[0]}{last}@linkedin.com,2026-06-24T12:50:51+00:00
apainchaud@linkedin.com,Austin Painchaud,linkedin,linkedin,,recruiter,inferred_pattern,True,inferred:recruiter-emailing-script,https://github.com/K02D/recruiter-emailing-script,,2027,Summer 2027,pattern:{first[0]}{last}@linkedin.com,2026-06-24T12:50:51+00:00
bbosselait@linkedin.com,Brittanie Bosselait,linkedin,linkedin,,recruiter,inferred_pattern,True,inferred:recruiter-emailing-script,https://github.com/K02D/recruiter-emailing-script,,2027,Summer 2027,pattern:{first[0]}{last}@linkedin.com,2026-06-24T12:50:51+00:00
bnorth@linkedin.com,Baylee North,linkedin,linkedin,,recruiter,inferred_pattern,True,inferred:recruiter-emailing-script,https://github.com/K02D/recruiter-emailing-script,,2027,Summer 2027,pattern:{first[0]}{last}@linkedin.com,2026-06-24T12:50:51+00:00
bwestergaard@linkedin.com,Benjamin Westergaard,linkedin,linkedin,,recruiter,inferred_pattern,True,inferred:recruiter-emailing-script,https://github.com/K02D/recruiter-emailing-script,,2027,Summer 2027,pattern:{first[0]}{last}@linkedin.com,2026-06-24T12:50:51+00:00
cacord@linkedin.com,Chris Acord,linkedin,linkedin,,recruiter,inferred_pattern,True,inferred:recruiter-emailing-script,https://github.com/K02D/recruiter-emailing-script,,2027,Summer 2027,pattern:{first[0]}{last}@linkedin.com,2026-06-24T12:50:51+00:00
calarcon@linkedin.com,Christopher Alarcon,linkedin,linkedin,,recruiter,inferred_pattern,True,inferred:recruiter-emailing-script,https://github.com/K02D/recruiter-emailing-script,,2027,Summer 2027,pattern:{first[0]}{last}@linkedin.com,2026-06-24T12:50:51+00:00
charper@linkedin.com,Catherine Harper,linkedin,linkedin,,recruiter,inferred_pattern,True,inferred:recruiter-emailing-script,https://github.com/K02D/recruiter-emailing-script,,2027,Summer 2027,pattern:{first[0]}{last}@linkedin.com,2026-06-24T12:50:51+00:00
cporter@linkedin.com,Carly Porter,linkedin,linkedin,,recruiter,inferred_pattern,True,inferred:recruiter-emailing-script,https://github.com/K02D/recruiter-emailing-script,,2027,Summer 2027,pattern:{first[0]}{last}@linkedin.com,2026-06-24T12:50:51+00:00
din@linkedin.com,David In,linkedin,linkedin,,recruiter,inferred_pattern,True,inferred:recruiter-emailing-script,https://github.com/K02D/recruiter-emailing-script,,2027,Summer 2027,pattern:{first[0]}{last}@linkedin.com,2026-06-24T12:50:51+00:00
dsmith@linkedin.com,Derek Smith,linkedin,linkedin,,recruiter,inferred_pattern,True,inferred:recruiter-emailing-script,https://github.com/K02D/recruiter-emailing-script,,2027,Summer 2027,pattern:{first[0]}{last}@linkedin.com,2026-06-24T12:50:51+00:00
hmikelberg@linkedin.com,Heather Mikelberg,linkedin,linkedin,,recruiter,inferred_pattern,True,inferred:recruiter-emailing-script,https://github.com/K02D/recruiter-emailing-script,,2027,Summer 2027,pattern:{first[0]}{last}@linkedin.com,2026-06-24T12:50:51+00:00
hwolf@linkedin.com,Hannah Wolf,linkedin,linkedin,,recruiter,inferred_pattern,True,inferred:recruiter-emailing-script,https://github.com/K02D/recruiter-emailing-script,,2027,Summer 2027,pattern:{first[0]}{last}@linkedin.com,2026-06-24T12:50:51+00:00
kbanchek@linkedin.com,Katie Banchek,linkedin,linkedin,,recruiter,inferred_pattern,True,inferred:recruiter-emailing-script,https://github.com/K02D/recruiter-emailing-script,,2027,Summer 2027,pattern:{first[0]}{last}@linkedin.com,2026-06-24T12:50:51+00:00
knoel@linkedin.com,Kalin Noel,linkedin,linkedin,,recruiter,inferred_pattern,True,inferred:recruiter-emailing-script,https://github.com/K02D/recruiter-emailing-script,,2027,Summer 2027,pattern:{first[0]}{last}@linkedin.com,2026-06-24T12:50:51+00:00
kstricklin@linkedin.com,Kasey Stricklin,linkedin,linkedin,,recruiter,inferred_pattern,True,inferred:recruiter-emailing-script,https://github.com/K02D/recruiter-emailing-script,,2027,Summer 2027,pattern:{first[0]}{last}@linkedin.com,2026-06-24T12:50:51+00:00
kswaby@linkedin.com,Kamara Swaby,linkedin,linkedin,,recruiter,inferred_pattern,True,inferred:recruiter-emailing-script,https://github.com/K02D/recruiter-emailing-script,,2027,Summer 2027,pattern:{first[0]}{last}@linkedin.com,2026-06-24T12:50:51+00:00
llacy@linkedin.com,Logan Lacy,linkedin,linkedin,,recruiter,inferred_pattern,True,inferred:recruiter-emailing-script,https://github.com/K02D/recruiter-emailing-script,,2027,Summer 2027,pattern:{first[0]}{last}@linkedin.com,2026-06-24T12:50:51+00:00
lsteitz@linkedin.com,Lauren Steitz,linkedin,linkedin,,recruiter,inferred_pattern,True,inferred:recruiter-emailing-script,https://github.com/K02D/recruiter-emailing-script,,2027,Summer 2027,pattern:{first[0]}{last}@linkedin.com,2026-06-24T12:50:51+00:00
mmooers@linkedin.com,Madison Mooers,linkedin,linkedin,,recruiter,inferred_pattern,True,inferred:recruiter-emailing-script,https://github.com/K02D/recruiter-emailing-script,,2027,Summer 2027,pattern:{first[0]}{last}@linkedin.com,2026-06-24T12:50:51+00:00
mpech@linkedin.com,Malina Pech,linkedin,linkedin,,recruiter,inferred_pattern,True,inferred:recruiter-emailing-script,https://github.com/K02D/recruiter-emailing-script,,2027,Summer 2027,pattern:{first[0]}{last}@linkedin.com,2026-06-24T12:50:51+00:00
nmathisen@linkedin.com,Nancy Mathisen,linkedin,linkedin,,recruiter,inferred_pattern,True,inferred:recruiter-emailing-script,https://github.com/K02D/recruiter-emailing-script,,2027,Summer 2027,pattern:{first[0]}{last}@linkedin.com,2026-06-24T12:50:51+00:00
pkang@linkedin.com,Paulette Kang,linkedin,linkedin,,recruiter,inferred_pattern,True,inferred:recruiter-emailing-script,https://github.com/K02D/recruiter-emailing-script,,2027,Summer 2027,pattern:{first[0]}{last}@linkedin.com,2026-06-24T12:50:51+00:00
scrowley@linkedin.com,Shawn Crowley,linkedin,linkedin,,recruiter,inferred_pattern,True,inferred:recruiter-emailing-script,https://github.com/K02D/recruiter-emailing-script,,2027,Summer 2027,pattern:{first[0]}{last}@linkedin.com,2026-06-24T12:50:51+00:00
tbanh@linkedin.com,Tiffany Banh,linkedin,linkedin,,recruiter,inferred_pattern,True,inferred:recruiter-emailing-script,https://github.com/K02D/recruiter-emailing-script,,2027,Summer 2027,pattern:{first[0]}{last}@linkedin.com,2026-06-24T12:50:51+00:00
tguignard@linkedin.com,Tania Guignard,linkedin,linkedin,,recruiter,inferred_pattern,True,inferred:recruiter-emailing-script,https://github.com/K02D/recruiter-emailing-script,,2027,Summer 2027,pattern:{first[0]}{last}@linkedin.com,2026-06-24T12:50:51+00:00
urecruiters@linkedin.com,University Recruiters,linkedin,linkedin,,recruiter,inferred_pattern,True,inferred:recruiter-emailing-script,https://github.com/K02D/recruiter-emailing-script,,2027,Summer 2027,pattern:{first[0]}{last}@linkedin.com,2026-06-24T12:50:51+00:00
urecruiting@linkedin.com,University Recruiting,linkedin,linkedin,,recruiter,inferred_pattern,True,inferred:recruiter-emailing-script,https://github.com/K02D/recruiter-emailing-script,,2027,Summer 2027,pattern:{first[0]}{last}@linkedin.com,2026-06-24T12:50:51+00:00
ustates@linkedin.com,United States,linkedin,linkedin,,recruiter,inferred_pattern,True,inferred:recruiter-emailing-script,https://github.com/K02D/recruiter-emailing-script,,2027,Summer 2027,pattern:{first[0]}{last}@linkedin.com,2026-06-24T12:50:51+00:00
aburbick@fb.com,Ashley Burbick,meta,meta,,recruiter,inferred_pattern,True,inferred:recruiter-emailing-script,https://github.com/K02D/recruiter-emailing-script,,2027,Summer 2027,pattern:{first[0]}{last}@fb.com,2026-06-24T12:50:51+00:00
achen@fb.com,Arthur Chen,meta,meta,,recruiter,inferred_pattern,True,inferred:recruiter-emailing-script,https://github.com/K02D/recruiter-emailing-script,,2027,Summer 2027,pattern:{first[0]}{last}@fb.com,2026-06-24T12:50:51+00:00
akhaleel@fb.com,Aubrey Khaleel,meta,meta,,recruiter,inferred_pattern,True,inferred:recruiter-emailing-script,https://github.com/K02D/recruiter-emailing-script,,2027,Summer 2027,pattern:{first[0]}{last}@fb.com,2026-06-24T12:50:51+00:00
alim@fb.com,Alex Lim,meta,meta,,recruiter,inferred_pattern,True,inferred:recruiter-emailing-script,https://github.com/K02D/recruiter-emailing-script,,2027,Summer 2027,pattern:{first[0]}{last}@fb.com,2026-06-24T12:50:51+00:00
alora@fb.com,Adderlyn Lora,meta,meta,,recruiter,inferred_pattern,True,inferred:recruiter-emailing-script,https://github.com/K02D/recruiter-emailing-script,,2027,Summer 2027,pattern:{first[0]}{last}@fb.com,2026-06-24T12:50:51+00:00
areiff@fb.com,Ali Reiff,meta,meta,,recruiter,inferred_pattern,True,inferred:recruiter-emailing-script,https://github.com/K02D/recruiter-emailing-script,,2027,Summer 2027,pattern:{first[0]}{last}@fb.com,2026-06-24T12:50:51+00:00
blattimore@fb.com,Brandi Lattimore,meta,meta,,recruiter,inferred_pattern,True,inferred:recruiter-emailing-script,https://github.com/K02D/recruiter-emailing-script,,2027,Summer 2027,pattern:{first[0]}{last}@fb.com,2026-06-24T12:50:51+00:00
blobb@fb.com,Brandon Lobb,meta,meta,,recruiter,inferred_pattern,True,inferred:recruiter-emailing-script,https://github.com/K02D/recruiter-emailing-script,,2027,Summer 2027,pattern:{first[0]}{last}@fb.com,2026-06-24T12:50:51+00:00
craphael@fb.com,Collin Raphael,meta,meta,,recruiter,inferred_pattern,True,inferred:recruiter-emailing-script,https://github.com/K02D/recruiter-emailing-script,,2027,Summer 2027,pattern:{first[0]}{last}@fb.com,2026-06-24T12:50:51+00:00
crecruiting@fb.com,Campus Recruiting,meta,meta,,recruiter,inferred_pattern,True,inferred:recruiter-emailing-script,https://github.com/K02D/recruiter-emailing-script,,2027,Summer 2027,pattern:{first[0]}{last}@fb.com,2026-06-24T12:50:51+00:00
dchang@fb.com,Doris Chang,meta,meta,,recruiter,inferred_pattern,True,inferred:recruiter-emailing-script,https://github.com/K02D/recruiter-emailing-script,,2027,Summer 2027,pattern:{first[0]}{last}@fb.com,2026-06-24T12:50:51+00:00
dkleshinski@fb.com,Danielle Kleshinski,meta,meta,,recruiter,inferred_pattern,True,inferred:recruiter-emailing-script,https://github.com/K02D/recruiter-emailing-script,,2027,Summer 2027,pattern:{first[0]}{last}@fb.com,2026-06-24T12:50:51+00:00
dpalm@fb.com,Denzel Palm,meta,meta,,recruiter,inferred_pattern,True,inferred:recruiter-emailing-script,https://github.com/K02D/recruiter-emailing-script,,2027,Summer 2027,pattern:{first[0]}{last}@fb.com,2026-06-24T12:50:51+00:00
eguerrero@fb.com,Enrique Guerrero,meta,meta,,recruiter,inferred_pattern,True,inferred:recruiter-emailing-script,https://github.com/K02D/recruiter-emailing-script,,2027,Summer 2027,pattern:{first[0]}{last}@fb.com,2026-06-24T12:50:51+00:00
ekim@fb.com,Elisha Kim,meta,meta,,recruiter,inferred_pattern,True,inferred:recruiter-emailing-script,https://github.com/K02D/recruiter-emailing-script,,2027,Summer 2027,pattern:{first[0]}{last}@fb.com,2026-06-24T12:50:51+00:00
esearch@fb.com,Executive Search,meta,meta,,recruiter,inferred_pattern,True,inferred:recruiter-emailing-script,https://github.com/K02D/recruiter-emailing-script,,2027,Summer 2027,pattern:{first[0]}{last}@fb.com,2026-06-24T12:50:51+00:00
gphoenix@fb.com,Greater Phoenix,meta,meta,,recruiter,inferred_pattern,True,inferred:recruiter-emailing-script,https://github.com/K02D/recruiter-emailing-script,,2027,Summer 2027,pattern:{first[0]}{last}@fb.com,2026-06-24T12:50:51+00:00
hbarzily@fb.com,Hila Barzily,meta,meta,,recruiter,inferred_pattern,True,inferred:recruiter-emailing-script,https://github.com/K02D/recruiter-emailing-script,,2027,Summer 2027,pattern:{first[0]}{last}@fb.com,2026-06-24T12:50:51+00:00
hyuh@fb.com,Hannah Yuh,meta,meta,,recruiter,inferred_pattern,True,inferred:recruiter-emailing-script,https://github.com/K02D/recruiter-emailing-script,,2027,Summer 2027,pattern:{first[0]}{last}@fb.com,2026-06-24T12:50:51+00:00
jackermann@fb.com,Jed Ackermann,meta,meta,,recruiter,inferred_pattern,True,inferred:recruiter-emailing-script,https://github.com/K02D/recruiter-emailing-script,,2027,Summer 2027,pattern:{first[0]}{last}@fb.com,2026-06-24T12:50:51+00:00
jalexander@fb.com,Jhordan Alexander,meta,meta,,recruiter,inferred_pattern,True,inferred:recruiter-emailing-script,https://github.com/K02D/recruiter-emailing-script,,2027,Summer 2027,pattern:{first[0]}{last}@fb.com,2026-06-24T12:50:51+00:00
jplant@fb.com,Jessica Plant,meta,meta,,recruiter,inferred_pattern,True,inferred:recruiter-emailing-script,https://github.com/K02D/recruiter-emailing-script,,2027,Summer 2027,pattern:{first[0]}{last}@fb.com,2026-06-24T12:50:51+00:00
jthai@fb.com,Jamie Thai,meta,meta,,recruiter,inferred_pattern,True,inferred:recruiter-emailing-script,https://github.com/K02D/recruiter-emailing-script,,2027,Summer 2027,pattern:{first[0]}{last}@fb.com,2026-06-24T12:50:51+00:00
karnold@fb.com,Keiyana Arnold,meta,meta,,recruiter,inferred_pattern,True,inferred:recruiter-emailing-script,https://github.com/K02D/recruiter-emailing-script,,2027,Summer 2027,pattern:{first[0]}{last}@fb.com,2026-06-24T12:50:51+00:00
kbarnes@fb.com,Kevin Barnes,meta,meta,,recruiter,inferred_pattern,True,inferred:recruiter-emailing-script,https://github.com/K02D/recruiter-emailing-script,,2027,Summer 2027,pattern:{first[0]}{last}@fb.com,2026-06-24T12:50:51+00:00
kbutler@fb.com,Kelly Butler,meta,meta,,recruiter,inferred_pattern,True,inferred:recruiter-emailing-script,https://github.com/K02D/recruiter-emailing-script,,2027,Summer 2027,pattern:{first[0]}{last}@fb.com,2026-06-24T12:50:51+00:00
kjones@fb.com,Kolin Jones,meta,meta,,recruiter,inferred_pattern,True,inferred:recruiter-emailing-script,https://github.com/K02D/recruiter-emailing-script,,2027,Summer 2027,pattern:{first[0]}{last}@fb.com,2026-06-24T12:50:51+00:00
ksimon@fb.com,Kelly Simon,meta,meta,,recruiter,inferred_pattern,True,inferred:recruiter-emailing-script,https://github.com/K02D/recruiter-emailing-script,,2027,Summer 2027,pattern:{first[0]}{last}@fb.com,2026-06-24T12:50:51+00:00
kthwaits@fb.com,Kelly Thwaits,meta,meta,,recruiter,inferred_pattern,True,inferred:recruiter-emailing-script,https://github.com/K02D/recruiter-emailing-script,,2027,Summer 2027,pattern:{first[0]}{last}@fb.com,2026-06-24T12:50:51+00:00
lmarcus@fb.com,Lindsay Marcus,meta,meta,,recruiter,inferred_pattern,True,inferred:recruiter-emailing-script,https://github.com/K02D/recruiter-emailing-script,,2027,Summer 2027,pattern:{first[0]}{last}@fb.com,2026-06-24T12:50:51+00:00
mbrunner@fb.com,Malea Brunner,meta,meta,,recruiter,inferred_pattern,True,inferred:recruiter-emailing-script,https://github.com/K02D/recruiter-emailing-script,,2027,Summer 2027,pattern:{first[0]}{last}@fb.com,2026-06-24T12:50:51+00:00
mharn@fb.com,Meagan Harn,meta,meta,,recruiter,inferred_pattern,True,inferred:recruiter-emailing-script,https://github.com/K02D/recruiter-emailing-script,,2027,Summer 2027,pattern:{first[0]}{last}@fb.com,2026-06-24T12:50:51+00:00
mmartin@fb.com,Molly Martin,meta,meta,,recruiter,inferred_pattern,True,inferred:recruiter-emailing-script,https://github.com/K02D/recruiter-emailing-script,,2027,Summer 2027,pattern:{first[0]}{last}@fb.com,2026-06-24T12:50:51+00:00
muniversity@fb.com,Millersville University,meta,meta,,recruiter,inferred_pattern,True,inferred:recruiter-emailing-script,https://github.com/K02D/recruiter-emailing-script,,2027,Summer 2027,pattern:{first[0]}{last}@fb.com,2026-06-24T12:50:51+00:00
nfearnett@fb.com,Naomi Fearnett,meta,meta,,recruiter,inferred_pattern,True,inferred:recruiter-emailing-script,https://github.com/K02D/recruiter-emailing-script,,2027,Summer 2027,pattern:{first[0]}{last}@fb.com,2026-06-24T12:50:51+00:00
nhernandez@fb.com,Nicolle Hernandez,meta,meta,,recruiter,inferred_pattern,True,inferred:recruiter-emailing-script,https://github.com/K02D/recruiter-emailing-script,,2027,Summer 2027,pattern:{first[0]}{last}@fb.com,2026-06-24T12:50:51+00:00
olev@fb.com,Ortal Lev,meta,meta,,recruiter,inferred_pattern,True,inferred:recruiter-emailing-script,https://github.com/K02D/recruiter-emailing-script,,2027,Summer 2027,pattern:{first[0]}{last}@fb.com,2026-06-24T12:50:51+00:00
pinserra@fb.com,Pam Inserra,meta,meta,,recruiter,inferred_pattern,True,inferred:recruiter-emailing-script,https://github.com/K02D/recruiter-emailing-script,,2027,Summer 2027,pattern:{first[0]}{last}@fb.com,2026-06-24T12:50:51+00:00
rguidry@fb.com,Rhyan Guidry,meta,meta,,recruiter,inferred_pattern,True,inferred:recruiter-emailing-script,https://github.com/K02D/recruiter-emailing-script,,2027,Summer 2027,pattern:{first[0]}{last}@fb.com,2026-06-24T12:50:51+00:00
rstabile@fb.com,Raela Stabile,meta,meta,,recruiter,inferred_pattern,True,inferred:recruiter-emailing-script,https://github.com/K02D/recruiter-emailing-script,,2027,Summer 2027,pattern:{first[0]}{last}@fb.com,2026-06-24T12:50:51+00:00
sbishara@fb.com,Stephanie Bishara,meta,meta,,recruiter,inferred_pattern,True,inferred:recruiter-emailing-script,https://github.com/K02D/recruiter-emailing-script,,2027,Summer 2027,pattern:{first[0]}{last}@fb.com,2026-06-24T12:50:51+00:00
scalifornia@fb.com,Southern California,meta,meta,,recruiter,inferred_pattern,True,inferred:recruiter-emailing-script,https://github.com/K02D/recruiter-emailing-script,,2027,Summer 2027,pattern:{first[0]}{last}@fb.com,2026-06-24T12:50:51+00:00
shurley@fb.com,Sarah Hurley,meta,meta,,recruiter,inferred_pattern,True,inferred:recruiter-emailing-script,https://github.com/K02D/recruiter-emailing-script,,2027,Summer 2027,pattern:{first[0]}{last}@fb.com,2026-06-24T12:50:51+00:00
skim@fb.com,Stephan Kim,meta,meta,,recruiter,inferred_pattern,True,inferred:recruiter-emailing-script,https://github.com/K02D/recruiter-emailing-script,,2027,Summer 2027,pattern:{first[0]}{last}@fb.com,2026-06-24T12:50:51+00:00
aakaanksha.pandey@microsoft.com,Aakaanksha Pandey,microsoft,microsoft,,recruiter,inferred_pattern,True,inferred:recruiter-emailing-script,https://github.com/K02D/recruiter-emailing-script,,2027,Summer 2027,pattern:{first}.{last}@microsoft.com,2026-06-24T12:50:51+00:00
aaron.brown@microsoft.com,Aaron Brown,microsoft,microsoft,,recruiter,inferred_pattern,True,inferred:recruiter-emailing-script,https://github.com/K02D/recruiter-emailing-script,,2027,Summer 2027,pattern:{first}.{last}@microsoft.com,2026-06-24T12:50:51+00:00
amy.arnold@microsoft.com,Amy Arnold,microsoft,microsoft,,recruiter,inferred_pattern,True,inferred:recruiter-emailing-script,https://github.com/K02D/recruiter-emailing-script,,2027,Summer 2027,pattern:{first}.{last}@microsoft.com,2026-06-24T12:50:51+00:00
batel.cohen@microsoft.com,Batel Cohen,microsoft,microsoft,,recruiter,inferred_pattern,True,inferred:recruiter-emailing-script,https://github.com/K02D/recruiter-emailing-script,,2027,Summer 2027,pattern:{first}.{last}@microsoft.com,2026-06-24T12:50:51+00:00
beau.nipper@microsoft.com,Beau Nipper,microsoft,microsoft,,recruiter,inferred_pattern,True,inferred:recruiter-emailing-script,https://github.com/K02D/recruiter-emailing-script,,2027,Summer 2027,pattern:{first}.{last}@microsoft.com,2026-06-24T12:50:51+00:00
beckylin.orooji@microsoft.com,Beckylin Orooji,microsoft,microsoft,,recruiter,inferred_pattern,True,inferred:recruiter-emailing-script,https://github.com/K02D/recruiter-emailing-script,,2027,Summer 2027,pattern:{first}.{last}@microsoft.com,2026-06-24T12:50:51+00:00
bhaskar.shrotriya@microsoft.com,Bhaskar Shrotriya,microsoft,microsoft,,recruiter,inferred_pattern,True,inferred:recruiter-emailing-script,https://github.com/K02D/recruiter-emailing-script,,2027,Summer 2027,pattern:{first}.{last}@microsoft.com,2026-06-24T12:50:51+00:00
blossom.pinto@microsoft.com,Blossom Pinto,microsoft,microsoft,,recruiter,inferred_pattern,True,inferred:recruiter-emailing-script,https://github.com/K02D/recruiter-emailing-script,,2027,Summer 2027,pattern:{first}.{last}@microsoft.com,2026-06-24T12:50:51+00:00
breanne.thompson@microsoft.com,Breanne Thompson,microsoft,microsoft,,recruiter,inferred_pattern,True,inferred:recruiter-emailing-script,https://github.com/K02D/recruiter-emailing-script,,2027,Summer 2027,pattern:{first}.{last}@microsoft.com,2026-06-24T12:50:51+00:00
brooke.simpson@microsoft.com,Brooke Simpson,microsoft,microsoft,,recruiter,inferred_pattern,True,inferred:recruiter-emailing-script,https://github.com/K02D/recruiter-emailing-script,,2027,Summer 2027,pattern:{first}.{last}@microsoft.com,2026-06-24T12:50:51+00:00
business.program@microsoft.com,Business Program,microsoft,microsoft,,recruiter,inferred_pattern,True,inferred:recruiter-emailing-script,https://github.com/K02D/recruiter-emailing-script,,2027,Summer 2027,pattern:{first}.{last}@microsoft.com,2026-06-24T12:50:51+00:00
cammy.vasquez@microsoft.com,Cammy Vasquez,microsoft,microsoft,,recruiter,inferred_pattern,True,inferred:recruiter-emailing-script,https://github.com/K02D/recruiter-emailing-script,,2027,Summer 2027,pattern:{first}.{last}@microsoft.com,2026-06-24T12:50:51+00:00
carlos.hernandez@microsoft.com,Carlos Hernandez,microsoft,microsoft,,recruiter,inferred_pattern,True,inferred:recruiter-emailing-script,https://github.com/K02D/recruiter-emailing-script,,2027,Summer 2027,pattern:{first}.{last}@microsoft.com,2026-06-24T12:50:51+00:00
chelsea.hua@microsoft.com,Chelsea Hua,microsoft,microsoft,,recruiter,inferred_pattern,True,inferred:recruiter-emailing-script,https://github.com/K02D/recruiter-emailing-script,,2027,Summer 2027,pattern:{first}.{last}@microsoft.com,2026-06-24T12:50:51+00:00
chelsea.tomlinson@microsoft.com,Chelsea Tomlinson,microsoft,microsoft,,recruiter,inferred_pattern,True,inferred:recruiter-emailing-script,https://github.com/K02D/recruiter-emailing-script,,2027,Summer 2027,pattern:{first}.{last}@microsoft.com,2026-06-24T12:50:51+00:00
chioma.acholonu@microsoft.com,Chioma Acholonu,microsoft,microsoft,,recruiter,inferred_pattern,True,inferred:recruiter-emailing-script,https://github.com/K02D/recruiter-emailing-script,,2027,Summer 2027,pattern:{first}.{last}@microsoft.com,2026-06-24T12:50:51+00:00
couto.reis@microsoft.com,Couto Reis,microsoft,microsoft,,recruiter,inferred_pattern,True,inferred:recruiter-emailing-script,https://github.com/K02D/recruiter-emailing-script,,2027,Summer 2027,pattern:{first}.{last}@microsoft.com,2026-06-24T12:50:51+00:00
damon.coupe@microsoft.com,Damon Coupe,microsoft,microsoft,,recruiter,inferred_pattern,True,inferred:recruiter-emailing-script,https://github.com/K02D/recruiter-emailing-script,,2027,Summer 2027,pattern:{first}.{last}@microsoft.com,2026-06-24T12:50:51+00:00
ellen.messer@microsoft.com,Ellen Messer,microsoft,microsoft,,recruiter,inferred_pattern,True,inferred:recruiter-emailing-script,https://github.com/K02D/recruiter-emailing-script,,2027,Summer 2027,pattern:{first}.{last}@microsoft.com,2026-06-24T12:50:51+00:00
ellen.thorley@microsoft.com,Ellen Thorley,microsoft,microsoft,,recruiter,inferred_pattern,True,inferred:recruiter-emailing-script,https://github.com/K02D/recruiter-emailing-script,,2027,Summer 2027,pattern:{first}.{last}@microsoft.com,2026-06-24T12:50:51+00:00
erin.odell@microsoft.com,Erin Odell,microsoft,microsoft,,recruiter,inferred_pattern,True,inferred:recruiter-emailing-script,https://github.com/K02D/recruiter-emailing-script,,2027,Summer 2027,pattern:{first}.{last}@microsoft.com,2026-06-24T12:50:51+00:00
felicity.blazevic@microsoft.com,Felicity Blazevic,microsoft,microsoft,,recruiter,inferred_pattern,True,inferred:recruiter-emailing-script,https://github.com/K02D/recruiter-emailing-script,,2027,Summer 2027,pattern:{first}.{last}@microsoft.com,2026-06-24T12:50:51+00:00
hillary.lundberg@microsoft.com,Hillary Lundberg,microsoft,microsoft,,recruiter,inferred_pattern,True,inferred:recruiter-emailing-script,https://github.com/K02D/recruiter-emailing-script,,2027,Summer 2027,pattern:{first}.{last}@microsoft.com,2026-06-24T12:50:51+00:00
jessica.may@microsoft.com,Jessica May,microsoft,microsoft,,recruiter,inferred_pattern,True,inferred:recruiter-emailing-script,https://github.com/K02D/recruiter-emailing-script,,2027,Summer 2027,pattern:{first}.{last}@microsoft.com,2026-06-24T12:50:51+00:00
john.ryan@microsoft.com,John Ryan,microsoft,microsoft,,recruiter,inferred_pattern,True,inferred:recruiter-emailing-script,https://github.com/K02D/recruiter-emailing-script,,2027,Summer 2027,pattern:{first}.{last}@microsoft.com,2026-06-24T12:50:51+00:00
kaitlyn.melby@microsoft.com,Kaitlyn Melby,microsoft,microsoft,,recruiter,inferred_pattern,True,inferred:recruiter-emailing-script,https://github.com/K02D/recruiter-emailing-script,,2027,Summer 2027,pattern:{first}.{last}@microsoft.com,2026-06-24T12:50:51+00:00
kamara.swaby@microsoft.com,Kamara Swaby,microsoft,microsoft,,recruiter,inferred_pattern,True,inferred:recruiter-emailing-script,https://github.com/K02D/recruiter-emailing-script,,2027,Summer 2027,pattern:{first}.{last}@microsoft.com,2026-06-24T12:50:51+00:00
kelsey.saboori@microsoft.com,Kelsey Saboori,microsoft,microsoft,,recruiter,inferred_pattern,True,inferred:recruiter-emailing-script,https://github.com/K02D/recruiter-emailing-script,,2027,Summer 2027,pattern:{first}.{last}@microsoft.com,2026-06-24T12:50:51+00:00
kristi.kennebrew@microsoft.com,Kristi Kennebrew,microsoft,microsoft,,recruiter,inferred_pattern,True,inferred:recruiter-emailing-script,https://github.com/K02D/recruiter-emailing-script,,2027,Summer 2027,pattern:{first}.{last}@microsoft.com,2026-06-24T12:50:51+00:00
kristin.straube@microsoft.com,Kristin Straube,microsoft,microsoft,,recruiter,inferred_pattern,True,inferred:recruiter-emailing-script,https://github.com/K02D/recruiter-emailing-script,,2027,Summer 2027,pattern:{first}.{last}@microsoft.com,2026-06-24T12:50:51+00:00
kristina.ortiz@microsoft.com,Kristina Ortiz,microsoft,microsoft,,recruiter,inferred_pattern,True,inferred:recruiter-emailing-script,https://github.com/K02D/recruiter-emailing-script,,2027,Summer 2027,pattern:{first}.{last}@microsoft.com,2026-06-24T12:50:51+00:00
maddie.lorraine@microsoft.com,Maddie Lorraine,microsoft,microsoft,,recruiter,inferred_pattern,True,inferred:recruiter-emailing-script,https://github.com/K02D/recruiter-emailing-script,,2027,Summer 2027,pattern:{first}.{last}@microsoft.com,2026-06-24T12:50:51+00:00
maggie.bott@microsoft.com,Maggie Bott,microsoft,microsoft,,recruiter,inferred_pattern,True,inferred:recruiter-emailing-script,https://github.com/K02D/recruiter-emailing-script,,2027,Summer 2027,pattern:{first}.{last}@microsoft.com,2026-06-24T12:50:51+00:00
maya.hessing@microsoft.com,Maya Hessing,microsoft,microsoft,,recruiter,inferred_pattern,True,inferred:recruiter-emailing-script,https://github.com/K02D/recruiter-emailing-script,,2027,Summer 2027,pattern:{first}.{last}@microsoft.com,2026-06-24T12:50:51+00:00
michelle.cao@microsoft.com,Michelle Cao,microsoft,microsoft,,recruiter,inferred_pattern,True,inferred:recruiter-emailing-script,https://github.com/K02D/recruiter-emailing-script,,2027,Summer 2027,pattern:{first}.{last}@microsoft.com,2026-06-24T12:50:51+00:00
mohammed.fahad@microsoft.com,Mohammed Fahad,microsoft,microsoft,,recruiter,inferred_pattern,True,inferred:recruiter-emailing-script,https://github.com/K02D/recruiter-emailing-script,,2027,Summer 2027,pattern:{first}.{last}@microsoft.com,2026-06-24T12:50:51+00:00
neil.oyston@microsoft.com,Neil Oyston,microsoft,microsoft,,recruiter,inferred_pattern,True,inferred:recruiter-emailing-script,https://github.com/K02D/recruiter-emailing-script,,2027,Summer 2027,pattern:{first}.{last}@microsoft.com,2026-06-24T12:50:51+00:00
renate.norman@microsoft.com,Renate Norman,microsoft,microsoft,,recruiter,inferred_pattern,True,inferred:recruiter-emailing-script,https://github.com/K02D/recruiter-emailing-script,,2027,Summer 2027,pattern:{first}.{last}@microsoft.com,2026-06-24T12:50:51+00:00
sarah.davidson@microsoft.com,Sarah Davidson,microsoft,microsoft,,recruiter,inferred_pattern,True,inferred:recruiter-emailing-script,https://github.com/K02D/recruiter-emailing-script,,2027,Summer 2027,pattern:{first}.{last}@microsoft.com,2026-06-24T12:50:51+00:00
shir.malek@microsoft.com,Shir Malek,microsoft,microsoft,,recruiter,inferred_pattern,True,inferred:recruiter-emailing-script,https://github.com/K02D/recruiter-emailing-script,,2027,Summer 2027,pattern:{first}.{last}@microsoft.com,2026-06-24T12:50:51+00:00
sonia.chawla@microsoft.com,Sonia Chawla,microsoft,microsoft,,recruiter,inferred_pattern,True,inferred:recruiter-emailing-script,https://github.com/K02D/recruiter-emailing-script,,2027,Summer 2027,pattern:{first}.{last}@microsoft.com,2026-06-24T12:50:51+00:00
sonia.sahgal@microsoft.com,Sonia Sahgal,microsoft,microsoft,,recruiter,inferred_pattern,True,inferred:recruiter-emailing-script,https://github.com/K02D/recruiter-emailing-script,,2027,Summer 2027,pattern:{first}.{last}@microsoft.com,2026-06-24T12:50:51+00:00
vikram.manney@microsoft.com,Vikram Manney,microsoft,microsoft,,recruiter,inferred_pattern,True,inferred:recruiter-emailing-script,https://github.com/K02D/recruiter-emailing-script,,2027,Summer 2027,pattern:{first}.{last}@microsoft.com,2026-06-24T12:50:51+00:00
alexandra@stripe.com,Alexandra Torre,stripe,stripe,,recruiter,inferred_pattern,True,inferred:recruiter-emailing-script,https://github.com/K02D/recruiter-emailing-script,,2027,Summer 2027,pattern:{first}@stripe.com,2026-06-24T12:50:51+00:00
alison@stripe.com,Alison Ahern,stripe,stripe,,recruiter,inferred_pattern,True,inferred:recruiter-emailing-script,https://github.com/K02D/recruiter-emailing-script,,2027,Summer 2027,pattern:{first}@stripe.com,2026-06-24T12:50:51+00:00
allison@stripe.com,Allison Tong,stripe,stripe,,recruiter,inferred_pattern,True,inferred:recruiter-emailing-script,https://github.com/K02D/recruiter-emailing-script,,2027,Summer 2027,pattern:{first}@stripe.com,2026-06-24T12:50:51+00:00
amtul@stripe.com,Amtul Raheem,stripe,stripe,,recruiter,inferred_pattern,True,inferred:recruiter-emailing-script,https://github.com/K02D/recruiter-emailing-script,,2027,Summer 2027,pattern:{first}@stripe.com,2026-06-24T12:50:51+00:00
amy@stripe.com,Amy Salazar,stripe,stripe,,recruiter,inferred_pattern,True,inferred:recruiter-emailing-script,https://github.com/K02D/recruiter-emailing-script,,2027,Summer 2027,pattern:{first}@stripe.com,2026-06-24T12:50:51+00:00
annabel@stripe.com,Annabel Bench,stripe,stripe,,recruiter,inferred_pattern,True,inferred:recruiter-emailing-script,https://github.com/K02D/recruiter-emailing-script,,2027,Summer 2027,pattern:{first}@stripe.com,2026-06-24T12:50:51+00:00
ashley@stripe.com,Ashley Booker,stripe,stripe,,recruiter,inferred_pattern,True,inferred:recruiter-emailing-script,https://github.com/K02D/recruiter-emailing-script,,2027,Summer 2027,pattern:{first}@stripe.com,2026-06-24T12:50:51+00:00
austin@stripe.com,Austin Lehn,stripe,stripe,,recruiter,inferred_pattern,True,inferred:recruiter-emailing-script,https://github.com/K02D/recruiter-emailing-script,,2027,Summer 2027,pattern:{first}@stripe.com,2026-06-24T12:50:51+00:00
brett@stripe.com,Brett Gillespey,stripe,stripe,,recruiter,inferred_pattern,True,inferred:recruiter-emailing-script,https://github.com/K02D/recruiter-emailing-script,,2027,Summer 2027,pattern:{first}@stripe.com,2026-06-24T12:50:51+00:00
brittany@stripe.com,Brittany Pham,stripe,stripe,,recruiter,inferred_pattern,True,inferred:recruiter-emailing-script,https://github.com/K02D/recruiter-emailing-script,,2027,Summer 2027,pattern:{first}@stripe.com,2026-06-24T12:50:51+00:00
cassandra@stripe.com,Cassandra Paez,stripe,stripe,,recruiter,inferred_pattern,True,inferred:recruiter-emailing-script,https://github.com/K02D/recruiter-emailing-script,,2027,Summer 2027,pattern:{first}@stripe.com,2026-06-24T12:50:51+00:00
connor@stripe.com,Connor Glennon,stripe,stripe,,recruiter,inferred_pattern,True,inferred:recruiter-emailing-script,https://github.com/K02D/recruiter-emailing-script,,2027,Summer 2027,pattern:{first}@stripe.com,2026-06-24T12:50:51+00:00
daniella@stripe.com,Daniella Santimano,stripe,stripe,,recruiter,inferred_pattern,True,inferred:recruiter-emailing-script,https://github.com/K02D/recruiter-emailing-script,,2027,Summer 2027,pattern:{first}@stripe.com,2026-06-24T12:50:51+00:00
elaine@stripe.com,Elaine Yining,stripe,stripe,,recruiter,inferred_pattern,True,inferred:recruiter-emailing-script,https://github.com/K02D/recruiter-emailing-script,,2027,Summer 2027,pattern:{first}@stripe.com,2026-06-24T12:50:51+00:00
elisa@stripe.com,Elisa Vatn,stripe,stripe,,recruiter,inferred_pattern,True,inferred:recruiter-emailing-script,https://github.com/K02D/recruiter-emailing-script,,2027,Summer 2027,pattern:{first}@stripe.com,2026-06-24T12:50:51+00:00
gabi@stripe.com,Gabi Clingan,stripe,stripe,,recruiter,inferred_pattern,True,inferred:recruiter-emailing-script,https://github.com/K02D/recruiter-emailing-script,,2027,Summer 2027,pattern:{first}@stripe.com,2026-06-24T12:50:51+00:00
hayoung@stripe.com,Hayoung Park,stripe,stripe,,recruiter,inferred_pattern,True,inferred:recruiter-emailing-script,https://github.com/K02D/recruiter-emailing-script,,2027,Summer 2027,pattern:{first}@stripe.com,2026-06-24T12:50:51+00:00
jasmine@stripe.com,Jasmine Salazar,stripe,stripe,,recruiter,inferred_pattern,True,inferred:recruiter-emailing-script,https://github.com/K02D/recruiter-emailing-script,,2027,Summer 2027,pattern:{first}@stripe.com,2026-06-24T12:50:51+00:00
jenette@stripe.com,Jenette Purugganan,stripe,stripe,,recruiter,inferred_pattern,True,inferred:recruiter-emailing-script,https://github.com/K02D/recruiter-emailing-script,,2027,Summer 2027,pattern:{first}@stripe.com,2026-06-24T12:50:51+00:00
jenn@stripe.com,Jenn Jones,stripe,stripe,,recruiter,inferred_pattern,True,inferred:recruiter-emailing-script,https://github.com/K02D/recruiter-emailing-script,,2027,Summer 2027,pattern:{first}@stripe.com,2026-06-24T12:50:51+00:00
john@stripe.com,John Buller,stripe,stripe,,recruiter,inferred_pattern,True,inferred:recruiter-emailing-script,https://github.com/K02D/recruiter-emailing-script,,2027,Summer 2027,pattern:{first}@stripe.com,2026-06-24T12:50:51+00:00
joshua@stripe.com,Joshua Winter,stripe,stripe,,recruiter,inferred_pattern,True,inferred:recruiter-emailing-script,https://github.com/K02D/recruiter-emailing-script,,2027,Summer 2027,pattern:{first}@stripe.com,2026-06-24T12:50:51+00:00
katie@stripe.com,Katie Scherer,stripe,stripe,,recruiter,inferred_pattern,True,inferred:recruiter-emailing-script,https://github.com/K02D/recruiter-emailing-script,,2027,Summer 2027,pattern:{first}@stripe.com,2026-06-24T12:50:51+00:00
kayleigh@stripe.com,Kayleigh Bottini,stripe,stripe,,recruiter,inferred_pattern,True,inferred:recruiter-emailing-script,https://github.com/K02D/recruiter-emailing-script,,2027,Summer 2027,pattern:{first}@stripe.com,2026-06-24T12:50:51+00:00
kelda@stripe.com,Kelda Murphy,stripe,stripe,,recruiter,inferred_pattern,True,inferred:recruiter-emailing-script,https://github.com/K02D/recruiter-emailing-script,,2027,Summer 2027,pattern:{first}@stripe.com,2026-06-24T12:50:51+00:00
kelly@stripe.com,Kelly Ha,stripe,stripe,,recruiter,inferred_pattern,True,inferred:recruiter-emailing-script,https://github.com/K02D/recruiter-emailing-script,,2027,Summer 2027,pattern:{first}@stripe.com,2026-06-24T12:50:51+00:00
lauren@stripe.com,Lauren Williams,stripe,stripe,,recruiter,inferred_pattern,True,inferred:recruiter-emailing-script,https://github.com/K02D/recruiter-emailing-script,,2027,Summer 2027,pattern:{first}@stripe.com,2026-06-24T12:50:51+00:00
marie@stripe.com,Marie Fuchslin,stripe,stripe,,recruiter,inferred_pattern,True,inferred:recruiter-emailing-script,https://github.com/K02D/recruiter-emailing-script,,2027,Summer 2027,pattern:{first}@stripe.com,2026-06-24T12:50:51+00:00
meredith@stripe.com,Meredith Alvin,stripe,stripe,,recruiter,inferred_pattern,True,inferred:recruiter-emailing-script,https://github.com/K02D/recruiter-emailing-script,,2027,Summer 2027,pattern:{first}@stripe.com,2026-06-24T12:50:51+00:00
patrick@stripe.com,Patrick Monk,stripe,stripe,,recruiter,inferred_pattern,True,inferred:recruiter-emailing-script,https://github.com/K02D/recruiter-emailing-script,,2027,Summer 2027,pattern:{first}@stripe.com,2026-06-24T12:50:51+00:00
paulette@stripe.com,Paulette Kang,stripe,stripe,,recruiter,inferred_pattern,True,inferred:recruiter-emailing-script,https://github.com/K02D/recruiter-emailing-script,,2027,Summer 2027,pattern:{first}@stripe.com,2026-06-24T12:50:51+00:00
reema@stripe.com,Reema Parikh,stripe,stripe,,recruiter,inferred_pattern,True,inferred:recruiter-emailing-script,https://github.com/K02D/recruiter-emailing-script,,2027,Summer 2027,pattern:{first}@stripe.com,2026-06-24T12:50:51+00:00
roshan@stripe.com,Roshan Shah,stripe,stripe,,recruiter,inferred_pattern,True,inferred:recruiter-emailing-script,https://github.com/K02D/recruiter-emailing-script,,2027,Summer 2027,pattern:{first}@stripe.com,2026-06-24T12:50:51+00:00
shannon@stripe.com,Shannon Boyle,stripe,stripe,,recruiter,inferred_pattern,True,inferred:recruiter-emailing-script,https://github.com/K02D/recruiter-emailing-script,,2027,Summer 2027,pattern:{first}@stripe.com,2026-06-24T12:50:51+00:00
sharon@stripe.com,Sharon Lin,stripe,stripe,,recruiter,inferred_pattern,True,inferred:recruiter-emailing-script,https://github.com/K02D/recruiter-emailing-script,,2027,Summer 2027,pattern:{first}@stripe.com,2026-06-24T12:50:51+00:00
victoria@stripe.com,Victoria Williams,stripe,stripe,,recruiter,inferred_pattern,True,inferred:recruiter-emailing-script,https://github.com/K02D/recruiter-emailing-script,,2027,Summer 2027,pattern:{first}@stripe.com,2026-06-24T12:50:51+00:00
whitney@stripe.com,Whitney Weil,stripe,stripe,,recruiter,inferred_pattern,True,inferred:recruiter-emailing-script,https://github.com/K02D/recruiter-emailing-script,,2027,Summer 2027,pattern:{first}@stripe.com,2026-06-24T12:50:51+00:00
