Company,Category
Accenture,SAP Partner
Capgemini,SAP Partner
IBM,SAP Partner
Deloitte,SAP Partner
EY,SAP Partner
PwC,SAP Partner
KPMG,SAP Partner
Infosys,SI / SAP
TCS,SI / SAP
Wipro,SI / SAP
HCL Technologies,SI / SAP
Tech Mahindra,SI / SAP
Cognizant,SI / SAP
LTIMindtree,SI / SAP
Mphasis,SI / SAP
Persistent Systems,SI / SAP
Mindtree,SI / SAP
Sonata Software,SAP Partner
Birlasoft,SAP Partner
Cyient,SI / SAP
Hexaware,SI / SAP
Zensar,SAP Partner
Mastek,SAP Partner
Coforge,SI / SAP
NTT DATA,SAP Partner
Fujitsu,SAP Partner
Atos,SAP Partner
SAP Labs India,SAP Product
SAP India,SAP Product
Gyansys,SAP Boutique
Yash Technologies,SAP Partner
Applexus,SAP Partner
Navblue,SAP Partner
Becht,SAP Partner
Bluefin Solutions,SAP Partner
ITC Infotech,SI / SAP
L&T Technology Services,SI / SAP
Ramco Systems,SAP ERP
UST,SI / SAP
Happiest Minds,SI / SAP
Nagarro,SI / SAP
Globant,SI / SAP
EPAM Systems,SI / SAP
Virtusa,SI / SAP
CSS Corp,SI / SAP
SLK Software,SAP Partner
R Systems,SI / SAP
KPIT Technologies,SI / SAP
Tata Elxsi,SI / SAP
Tata Technologies,SI / SAP
Oracle India,Enterprise Apps
Microsoft India,Enterprise Apps
Amazon,Enterprise
Flipkart,Enterprise
PhonePe,Enterprise
Paytm,Enterprise
Juspay,Enterprise
Razorpay,Enterprise
Swiggy,Enterprise
Zomato,Enterprise
Meesho,Enterprise
Zepto,Enterprise
Groww,Enterprise
Ola,Enterprise
Uber India,Enterprise
Shell India,SAP Enterprise
Unilever India,SAP Enterprise
Siemens India,SAP Enterprise
Bosch India,SAP Enterprise
ABB India,SAP Enterprise
Schneider Electric,SAP Enterprise
Honeywell,SAP Enterprise
GE India,SAP Enterprise
Philips India,SAP Enterprise
Samsung India,SAP Enterprise
Sony India,SAP Enterprise
LG India,SAP Enterprise
Maruti Suzuki,SAP Enterprise
Tata Motors,SAP Enterprise
Mahindra,SAP Enterprise
Ashok Leyland,SAP Enterprise
Reliance Industries,SAP Enterprise
Adani Group,SAP Enterprise
JSW Steel,SAP Enterprise
Tata Steel,SAP Enterprise
Hindalco,SAP Enterprise
Vedanta,SAP Enterprise
HDFC Bank,SAP Enterprise
ICICI Bank,SAP Enterprise
Axis Bank,SAP Enterprise
Kotak Mahindra Bank,SAP Enterprise
SBI,SAP Enterprise
Yes Bank,SAP Enterprise
Bajaj Finserv,SAP Enterprise
Bharti Airtel,SAP Enterprise
Vodafone Idea,SAP Enterprise
Jio,SAP Enterprise
Tata Communications,SAP Enterprise
Dr Reddys,SAP Enterprise
Sun Pharma,SAP Enterprise
Cipla,SAP Enterprise
Biocon,SAP Enterprise
Lupin,SAP Enterprise
ITC Limited,SAP Enterprise
Nestle India,SAP Enterprise
P&G India,SAP Enterprise
Britannia,SAP Enterprise
Dabur,SAP Enterprise
Marico,SAP Enterprise
Godrej,SAP Enterprise
Asian Paints,SAP Enterprise
Pidilite,SAP Enterprise
UltraTech Cement,SAP Enterprise
ACC Cement,SAP Enterprise
Larsen & Toubro,SAP Enterprise
Thermax,SAP Enterprise
BHEL,SAP Enterprise
HAL,SAP Enterprise
BEL,SAP Enterprise
ISRO,Government / SAP
DRDO,Government / SAP
Indian Oil,SAP Enterprise
BPCL,SAP Enterprise
HPCL,SAP Enterprise
ONGC,SAP Enterprise
GAIL,SAP Enterprise
NTPC,SAP Enterprise
Power Grid,SAP Enterprise
Tata Power,SAP Enterprise
Adani Energy,SAP Enterprise
Emerson India,SAP Enterprise
Rockwell Automation,SAP Enterprise
Danfoss India,SAP Enterprise
Whirlpool India,SAP Enterprise
Voltas,SAP Enterprise
Blue Star,SAP Enterprise
Crompton Greaves,SAP Enterprise
Havells,SAP Enterprise
Polycab,SAP Enterprise
Dixon Technologies,SAP Enterprise
Wistron India,Manufacturing
Foxconn India,Manufacturing
Flex,Manufacturing
Jabil,Manufacturing
Sanmina,Manufacturing
Applied Materials,SAP Enterprise
Lam Research,SAP Enterprise
Texas Instruments India,SAP Enterprise
Qualcomm India,SAP Enterprise
Intel India,SAP Enterprise
AMD India,SAP Enterprise
NVIDIA India,SAP Enterprise
MediaTek India,SAP Enterprise
Micron India,SAP Enterprise
Western Digital India,SAP Enterprise
Seagate India,SAP Enterprise
Dell India,SAP Enterprise
HP India,SAP Enterprise
Lenovo India,SAP Enterprise
Cisco India,SAP Enterprise
Juniper Networks,SAP Enterprise
Arista Networks,SAP Enterprise
Palo Alto Networks India,SAP Enterprise
Fortinet India,SAP Enterprise
Zscaler India,SAP Enterprise
ServiceNow India,Enterprise Apps
Salesforce India,Enterprise Apps
Workday India,Enterprise Apps
Snowflake India,Enterprise Apps
Databricks India,Enterprise Apps
Palantir India,Enterprise
Thoughtworks,Consulting
Publicis Sapient,Consulting
Brillio,Consulting
Collabera,Staffing / SAP
Quess Corp,Staffing
TeamLease,Staffing
Randstad India,Staffing
Adecco India,Staffing
ManpowerGroup India,Staffing
Sopra Steria,SAP Partner
Tietoevry,SAP Partner
CGI India,SAP Partner
Luxoft India,Consulting
Luxoft,Consulting
Relevance Lab,SAP Partner
Ignitr,SAP Partner
McDermott,SAP Enterprise
Worley,SAP Enterprise
L&T Infotech,SI / SAP
NIIT Technologies,SI / SAP
3i Infotech,SI / SAP
eClerx,SI
Firstsource,BPO / SAP
Genpact,BPO / SAP
EXL Service,BPO / SAP
WNS Global,BPO / SAP
Concentrix India,BPO / SAP
HGS India,BPO / SAP
Sutherland Global,BPO / SAP
Teleperformance India,BPO / SAP
Trianz,SAP Partner
Accelalpha,SAP Partner
Vuram,SAP Partner
Agilitix,SAP Partner
A5E Consulting,SAP Partner
Amplelogic,SAP Partner
ArchLynk,SAP Partner
Avant-garde,SAP Partner
Basis Team,SAP Partner
Blue Ocean Systems,SAP Partner
BPX,SAP Partner
Celebal Technologies,SAP Partner
Clarkston Consulting,SAP Partner
Cognitus Consulting,SAP Partner
ComTec,SAP Partner
Cognitus,SAP Partner
Delaware Consulting,SAP Partner
Emtec,SAP Partner
Entourage,SAP Partner
EY GDS,SAP Partner
Hitachi Vantara,SAP Partner
IBM India Software Labs,SAP Partner
Incture Technologies,SAP Partner
Indium Software,SAP Partner
Incture,SAP Partner
IT Convergence,SAP Partner
Kaar Technologies,SAP Partner
Keytree,SAP Partner
LeverX,SAP Partner
McCoy,SAP Partner
Nagarro SAP,SAP Partner
Neoris,SAP Partner
NIMBL,SAP Partner
Novigo Solutions,SAP Partner
NTT Ltd,SAP Partner
Oxya,SAP Partner
Panaya,SAP Partner
Proceed Group,SAP Partner
Protera,SAP Partner
PwC India,SAP Partner
Qentelli,SAP Partner
Rizing,SAP Partner
Royal Cyber,SAP Partner
Seidor,SAP Partner
Shellsoft,SAP Partner
SNP Group,SAP Partner
Syniti,SAP Partner
Talan,SAP Partner
Tata Consultancy Services,SI / SAP
TCS iON,SI / SAP
TCS BaNCS,SI / SAP
Tech Mahindra BPS,SI / SAP
Temenos India,FinTech / SAP
Torry Harris,SAP Partner
Tredence,Analytics
Trinamix,SAP Partner
Umlaut,SAP Partner
Unvired,SAP Partner
VASS India,SAP Partner
Vestas India,SAP Enterprise
Vestige,SAP Partner
Vuram Technologies,SAP Partner
Westernacher,SAP Partner
Wipro Holmes,SI / SAP
Xiting,SAP Partner
Yash Technologies SAP,SAP Partner
Zalaris,SAP Partner
Zensar SAP,SAP Partner
